agency_cd,site_no,measurement_nu,measurement_dt,tz_cd,q_meas_used_fg,party_nm,site_visit_coll_agency_cd,gage_height_va,discharge_va,measured_rating_diff,gage_va_change,gage_va_time,control_type_cd,discharge_cd,chan_nu,chan_name,meas_type,streamflow_method,velocity_method,chan_discharge,chan_width,chan_area,chan_velocity,chan_stability,chan_material,chan_evenness,long_vel_desc,horz_vel_desc,vert_vel_desc,chan_loc_cd,chan_loc_dist,DateTime,gage_height_m,discharge_cms
,,1,12/3/1940,,,,,12.22,14700,,,,,,,,,,,,,,,,,,,,,,,12/3/1940 0:00,3.724656,416.2576449
,,2,1/6/1941,,,,,9.58,7440,,,,,,,,,,,,,,,,,,,,,,,1/6/1941 0:00,2.919984,210.6773386
,,3,1/7/1941,,,,,9.5,7160,,,,,,,,,,,,,,,,,,,,,,,1/7/1941 0:00,2.8956,202.7486216
,,4,1/25/1941,,,,,10.97,9810,,,,,,,,,,,,,,,,,,,,,,,1/25/1941 0:00,3.343656,277.7882651
,,5,2/7/1941,,,,,10.45,9730,,,,,,,,,,,,,,,,,,,,,,,2/7/1941 0:00,3.18516,275.5229173
,,6,3/3/1941,,,,,10.54,9800,,,,,,,,,,,,,,,,,,,,,,,3/3/1941 0:00,3.212592,277.5050966
,,7,4/10/1941,,,,,11.05,10900,,,,,,,,,,,,,,,,,,,,,,,4/10/1941 0:00,3.36804,308.6536279
,,8,5/13/1941,,,,,14.56,19300,,,,,,,,,,,,,,,,,,,,,,,5/13/1941 0:00,4.437888,546.5151392
,,9,6/12/1941,,,,,15.09,20900,,,,,,,,,,,,,,,,,,,,,,,6/12/1941 0:00,4.599432,591.8220938
,,10,7/10/1941,,,,,11.16,10400,,,,,,,,,,,,,,,,,,,,,,,7/10/1941 0:00,3.401568,294.4952046
,,11,8/11/1941,,,,,8.97,6020,,,,,,,,,,,,,,,,,,,,,,,8/11/1941 0:00,2.734056,170.4674165
,,12,9/15/1941,,,,,14.22,18600,,,,,,,,,,,,,,,,,,,,,,,9/15/1941 0:00,4.334256,526.6933466
,,13,10/21/1941,,,,,13.2,14900,,,,,,,,,,,,,,,,,,,,,,,10/21/1941 0:00,4.02336,421.9210142
,,14,11/15/1941,,,,,20.32,36600,,,,,,,,,,,,,,,,,,,,,,,11/15/1941 0:00,6.193536,1036.396585
,,15,11/30/1941,,,,,14.71,18700,,,,,,,,,,,,,,,,,,,,,,,11/30/1941 0:00,4.483608,529.5250313
,,16,12/3/1941,,,,,25.81,67200,,,,,,,,,,,,,,,,,,,,,,,12/3/1941 0:00,7.866888,1902.892091
,,17,1/12/1942,,,,,9.58,6320,,,,,,,,,,,,,,,,,,,,,,,1/12/1942 0:00,2.919984,178.9624705
,,18,2/21/1942,,,,,9.43,6610,,,,,,,,,,,,,,,,,,,,,,,2/21/1942 0:00,2.874264,187.174356
,,19,4/10/1942,,,,,11.26,9730,,,,,,,,,,,,,,,,,,,,,,,4/10/1942 0:00,3.432048,275.5229173
,,20,5/18/1942,,,,,11.78,11100,,,,,,,,,,,,,,,,,,,,,,,5/18/1942 0:00,3.590544,314.3169972
,,21,7/1/1942,,,,,17.68,26500,,,,,,,,,,,,,,,,,,,,,,,7/1/1942 0:00,5.388864,750.3964347
,,22,8/18/1942,,,,,10.09,7320,,,,,,,,,,,,,,,,,,,,,,,8/18/1942 0:00,3.075432,207.2793171
,,23,10/14/1942,,,,,8.33,4280,,,,,,,,,,,,,,,,,,,,,,,10/14/1942 0:00,2.538984,121.1961034
,,24,11/24/1942,,,,,20.29,35500,,,,,,,,,,,,,,,,,,,,,,,11/24/1942 0:00,6.184392,1005.248054
,,25,1/20/1943,,,,,12.42,12800,,,,,,,,,,,,,,,,,,,,,,,1/20/1943 0:00,3.785616,362.4556364
,,26,3/5/1943,,,,,10.16,7270,,,,,,,,,,,,,,,,,,,,,,,3/5/1943 0:00,3.096768,205.8634747
,,27,4/16/1943,,,,,19.6,33400,,,,,,,,,,,,,,,,,,,,,,,4/16/1943 0:00,5.97408,945.7826762
,,28,6/9/1943,,,,,22.51,44700,,,,,,,,,,,,,,,,,,,,,,,6/9/1943 0:00,6.861048,1265.763043
,,29,6/14/1943,,,,,18.19,27000,,,,,,,,,,,,,,,,,,,,,,,6/14/1943 0:00,5.544312,764.554858
,,30,7/1/1943,,,,,22.58,45100,,,,,,,,,,,,,,,,,,,,,,,7/1/1943 0:00,6.882384,1277.089781
,,31,8/23/1943,,,,,11.21,9040,,,,,,,,,,,,,,,,,,,,,,,8/23/1943 0:00,3.416808,255.9842932
,,32,10/26/1943,,,,,12.22,11200,,,,,,,,,,,,,,,,,,,,,,,10/26/1943 0:00,3.724656,317.1486818
,,33,1/15/1944,,,,,11.9,10800,,,,,,,,,,,,,,,,,,,,,,,1/15/1944 0:00,3.62712,305.8219432
,,34,2/21/1944,,,,,9.54,6320,,,,,,,,,,,,,,,,,,,,,,,2/21/1944 0:00,2.907792,178.9624705
,,35,4/13/1944,,,,,12.26,12200,,,,,,,,,,,,,,,,,,,,,,,4/13/1944 0:00,3.736848,345.4655284
,,36,6/1/1944,,,,,16.14,20000,,,,,,,,,,,,,,,,,,,,,,,6/1/1944 0:00,4.919472,566.3369318
,,37,6/4/1944,,,,,16.05,20100,,,,,,,,,,,,,,,,,,,,,,,6/4/1944 0:00,4.89204,569.1686165
,,38,7/17/1944,,,,,10.89,7930,,,,,,,,,,,,,,,,,,,,,,,7/17/1944 0:00,3.319272,224.5525935
,,39,9/2/1944,,,,,9.76,6270,,,,,,,,,,,,,,,,,,,,,,,9/2/1944 0:00,2.974848,177.5466281
,,40,10/4/1944,,,,,13.49,13700,,,,,,,,,,,,,,,,,,,,,,,10/4/1944 0:00,4.111752,387.9407983
,,41,12/7/1944,,,,,18.41,26800,,,,,,,,,,,,,,,,,,,,,,,12/7/1944 0:00,5.611368,758.8914887
,,42,1/8/1945,,,,,21.97,39200,,,,,,,,,,,,,,,,,,,,,,,1/8/1945 0:00,6.696456,1110.020386
,,43,2/6/1945,,,,,12.38,12000,,,,,,,,,,,,,,,,,,,,,,,2/6/1945 0:00,3.773424,339.8021591
,,44,3/26/1945,,,,,11.58,9430,,,,,,,,,,,,,,,,,,,,,,,3/26/1945 0:00,3.529584,267.0278634
,,45,5/1/1945,,,,,14.15,14500,,,,,,,,,,,,,,,,,,,,,,,5/1/1945 0:00,4.31292,410.5942756
,,46,5/3/1945,,,,,17.2,21800,,,,,,,,,,,,,,,,,,,,,,,5/3/1945 0:00,5.24256,617.3072557
,,47,5/12/1945,,,,,19.48,29800,,,,,,,,,,,,,,,,,,,,,,,5/12/1945 0:00,5.937504,843.8420284
,,48,5/22/1945,,,,,15.96,19500,,,,,,,,,,,,,,,,,,,,,,,5/22/1945 0:00,4.864608,552.1785085
,,49,5/30/1945,,,,,23.45,46300,,,,,,,,,,,,,,,,,,,,,,,5/30/1945 0:00,7.14756,1311.069997
,,50,6/23/1945,,,,,18.13,30100,,,,,,,,,,,,,,,,,,,,,,,6/23/1945 0:00,5.526024,852.3370824
,,51,8/10/1945,,,,,10.94,7500,,,,,,,,,,,,,,,,,,,,,,,8/10/1945 0:00,3.334512,212.3763494
,,52,10/26/1945,,,,,29.41,88600,,,,,,,,,,,,,,,,,,,,,,,10/26/1945 0:00,8.964168,2508.872608
,,53,10/27/1945,,,,,25.24,57000,,,,,,,,,,,,,,,,,,,,,,,10/27/1945 0:00,7.693152,1614.060256
,,54,11/28/1945,,,,,14.36,15500,,,,,,,,,,,,,,,,,,,,,,,11/28/1945 0:00,4.376928,438.9111222
,,55,1/6/1946,,,,,13.86,13600,,,,,,,,,,,,,,,,,,,,,,,1/6/1946 0:00,4.224528,385.1091137
,,56,3/5/1946,,,,,14.42,15500,,,,,,,,,,,,,,,,,,,,,,,3/5/1946 0:00,4.395216,438.9111222
,,57,4/16/1946,,,,,16.66,22500,,,,,,,,,,,,,,,,,,,,,,,4/16/1946 0:00,5.077968,637.1290483
,,58,6/21/1946,,,,,23.62,44600,,,,,,,,,,,,,,,,,,,,,,,6/21/1946 0:00,7.199376,1262.931358
,,59,7/15/1946,,,,,17.3,22500,,,,,,,,,,,,,,,,,,,,,,,7/15/1946 0:00,5.27304,637.1290483
,,60,9/9/1946,,,,,10.85,7630,,,,,,,,,,,,,,,,,,,,,,,9/9/1946 0:00,3.30708,216.0575395
,,61,10/10/1946,,,,,9.35,4400,,,,,,,,,,,,,,,,,,,,,,,10/10/1946 0:00,2.84988,124.594125
,,62,11/27/1946,,,,,14.33,15900,,,,,,,,,,,,,,,,,,,,,,,11/27/1946 0:00,4.367784,450.2378608
,,63,1/13/1947,,,,,10.83,8220,,,,,,,,,,,,,,,,,,,,,,,1/13/1947 0:00,3.300984,232.764479
,,64,2/14/1947,,,,,23.51,42500,,,,,,,,,,,,,,,,,,,,,,,2/14/1947 0:00,7.165848,1203.46598
,,65,4/17/1947,,,,,17.21,22400,,,,,,,,,,,,,,,,,,,,,,,4/17/1947 0:00,5.245608,634.2973637
,,66,5/13/1947,,,,,16.84,21600,,,,,,,,,,,,,,,,,,,,,,,5/13/1947 0:00,5.132832,611.6438864
,,67,6/27/1947,,,,,21.8,38600,,,,,,,,,,,,,,,,,,,,,,,6/27/1947 0:00,6.64464,1093.030278
,,68,8/6/1947,,,,,12.63,11000,,,,,,,,,,,,,,,,,,,,,,,8/6/1947 0:00,3.849624,311.4853125
,,69,9/15/1947,,,,,10.59,6360,,,,,,,,,,,,,,,,,,,,,,,9/15/1947 0:00,3.227832,180.0951443
,,70,9/18/1947,,,,,10.97,7270,,,,,,,,,,,,,,,,,,,,,,,9/18/1947 0:00,3.343656,205.8634747
,,71,10/17/1947,,,,,18.11,26100,,,,,,,,,,,,,,,,,,,,,,,10/17/1947 0:00,5.519928,739.0696961
,,72,10/20/1947,,,,,23.58,43200,,,,,,,,,,,,,,,,,,,,,,,10/20/1947 0:00,7.187184,1223.287773
,,73,12/10/1947,,,,,12.79,11700,,,,,,,,,,,,,,,,,,,,,,,12/10/1947 0:00,3.898392,331.3071051
,,74,1/16/1948,,,,,13.26,12700,,,,,,,,,,,,,,,,,,,,,,,1/16/1948 0:00,4.041648,359.6239517
,,75,3/9/1948,,,,,10.93,7320,,,,,,,,,,,,,,,,,,,,,,,3/9/1948 0:00,3.331464,207.2793171
,,76,4/5/1948,,,,,11.27,7770,,,,,,,,,,,,,,,,,,,,,,,4/5/1948 0:00,3.435096,220.021898
,,77,5/14/1948,,,,,16.13,18600,,,,,,,,,,,,,,,,,,,,,,,5/14/1948 0:00,4.916424,526.6933466
,,78,5/27/1948,,,,,25.08,52300,,,,,,,,,,,,,,,,,,,,,,,5/27/1948 0:00,7.644384,1480.971077
,,79,5/28/1948,,,,,26.72,61300,,,,,,,,,,,,,,,,,,,,,,,5/28/1948 0:00,8.144256,1735.822696
,,80,6/9/1948,,,,,25.63,53900,,,,,,,,,,,,,,,,,,,,,,,6/9/1948 0:00,7.812024,1526.278031
,,81,7/15/1948,,,,,15.58,17300,,,,,,,,,,,,,,,,,,,,,,,7/15/1948 0:00,4.748784,489.881446
,,82,8/9/1948,,,,,12.78,10700,,,,,,,,,,,,,,,,,,,,,,,8/9/1948 0:00,3.895344,302.9902585
,,84,10/27/1948,,,,,13.08,11700,,,,,,,,,,,,,,,,,,,,,,,10/27/1948 0:00,3.986784,331.3071051
,,85,11/19/1948,,,,,13.1,11800,,,,,,,,,,,,,,,,,,,,,,,11/19/1948 0:00,3.99288,334.1387898
,,86,12/28/1948,,,,,11.78,9150,,,,,,,,,,,,,,,,,,,,,,,12/28/1948 0:00,3.590544,259.0991463
,,87,2/8/1949,,,,,11.38,8430,,,,,,,,,,,,,,,,,,,,,,,2/8/1949 0:00,3.468624,238.7110168
,,88,4/8/1949,,,,,14.91,15500,,,,,,,,,,,,,,,,,,,,,,,4/8/1949 0:00,4.544568,438.9111222
,,89,5/2/1949,,,,,17.57,23000,,,,,,,,,,,,,,,,,,,,,,,5/2/1949 0:00,5.355336,651.2874716
,,90,5/10/1949,,,,,23.23,41400,,,,,,,,,,,,,,,,,,,,,,,5/10/1949 0:00,7.080504,1172.317449
,,91,5/13/1949,,,,,25.7,52900,,,,,,,,,,,,,,,,,,,,,,,5/13/1949 0:00,7.83336,1497.961185
,,92,5/14/1949,,,,,25.64,55200,,,,,,,,,,,,,,,,,,,,,,,5/14/1949 0:00,7.815072,1563.089932
,,93,5/14/1949,,,,,25.58,52900,,,,,,,,,,,,,,,,,,,,,,,5/14/1949 0:00,7.796784,1497.961185
,,94,6/9/1949,,,,,20.12,29600,,,,,,,,,,,,,,,,,,,,,,,6/9/1949 0:00,6.132576,838.1786591
,,95,7/14/1949,,,,,18.73,25900,,,,,,,,,,,,,,,,,,,,,,,7/14/1949 0:00,5.708904,733.4063267
,,96,8/22/1949,,,,,12.47,9380,,,,,,,,,,,,,,,,,,,,,,,8/22/1949 0:00,3.800856,265.612021
,,97,10/12/1949,,,,,17.77,22100,,,,,,,,,,,,,,,,,,,,,,,10/12/1949 0:00,5.416296,625.8023097
,,98,11/17/1949,,,,,15.8,18000,,,,,,,,,,,,,,,,,,,,,,,11/17/1949 0:00,4.81584,509.7032387
,,99,11/27/1949,,,,,30.26,83500,,,,,,,,,,,,,,,,,,,,,,,11/27/1949 0:00,9.223248,2364.45669
,,100,11/28/1949,,,,,33.07,101000,,,,,,,,,,,,,,,,,,,,,,,11/28/1949 0:00,10.079736,2860.001506
,,101,11/29/1949,,,,,25.07,51400,,,,,,,,,,,,,,,,,,,,,,,11/29/1949 0:00,7.641336,1455.485915
,,102,1/20/1950,,,,,13.8,14200,,,,,,,,,,,,,,,,,,,,,,,1/20/1950 0:00,4.20624,402.0992216
,,103,2/16/1950,,,,,18.76,26400,,,,,,,,,,,,,,,,,,,,,,,2/16/1950 0:00,5.718048,747.56475
,,105,5/19/1950,,,,,17.84,23100,,,,,,,,,,,,,,,,,,,,,,,5/19/1950 0:00,5.437632,654.1191563
,,106,6/26/1950,,,,,20.62,33200,,,,,,,,,,,,,,,,,,,,,,,6/26/1950 0:00,6.284976,940.1193069
,,107,7/27/1950,,,,,19.72,28100,,,,,,,,,,,,,,,,,,,,,,,7/27/1950 0:00,6.010656,795.7033892
,,108,9/27/1950,,,,,14.73,15000,,,,,,,,,,,,,,,,,,,,,,,9/27/1950 0:00,4.489704,424.7526989
,,109,10/28/1950,,,,,18.72,24500,,,,,,,,,,,,,,,,,,,,,,,10/28/1950 0:00,5.705856,693.7627415
,,110,12/5/1950,,,,,14.38,14100,,,,,,,,,,,,,,,,,,,,,,,12/5/1950 0:00,4.383024,399.2675369
,,111,1/24/1951,,,,,14.34,14700,,,,,,,,,,,,,,,,,,,,,,,1/24/1951 0:00,4.370832,416.2576449
,,112,2/11/1951,,,,,36.72,145000,,,,,,,,,,,,,,,,,,,,,,,2/11/1951 0:00,11.192256,4105.942756
,,113,3/12/1951,,,,,12.54,9310,,,,,,,,,,,,,,,,,,,,,,,3/12/1951 0:00,3.822192,263.6298418
,,114,4/5/1951,,,,,14.25,15900,,,,,,,,,,,,,,,,,,,,,,,4/5/1951 0:00,4.3434,450.2378608
,,115,6/5/1951,,,,,16.42,20000,,,,,,,,,,,,,,,,,,,,,,,6/5/1951 0:00,5.004816,566.3369318
,,116,7/11/1951,,,,,14.98,17600,,,,,,,,,,,,,,,,,,,,,,,7/11/1951 0:00,4.565904,498.3765
,,117,8/17/1951,,,,,11.82,8920,,,,,,,,,,,,,,,,,,,,,,,8/17/1951 0:00,3.602736,252.5862716
,,118,9/27/1951,,,,,11.52,8520,,,,,,,,,,,,,,,,,,,,,,,9/27/1951 0:00,3.511296,241.259533
,,119,11/9/1951,,,,,13.18,12400,,,,,,,,,,,,,,,,,,,,,,,11/9/1951 0:00,4.017264,351.1288977
,,120,12/17/1951,,,,,13.46,13100,,,,,,,,,,,,,,,,,,,,,,,12/17/1951 0:00,4.102608,370.9506904
,,121,2/4/1952,,,,,15.82,19400,,,,,,,,,,,,,,,,,,,,,,,2/4/1952 0:00,4.821936,549.3468239
,,122,3/14/1952,,,,,11.96,9920,,,,,,,,,,,,,,,,,,,,,,,3/14/1952 0:00,3.645408,280.9031182
,,123,4/22/1952,,,,,13.42,13800,,,,,,,,,,,,,,,,,,,,,,,4/22/1952 0:00,4.090416,390.772483
,,124,5/3/1952,,,,,13.4,12900,,,,,,,,,,,,,,,,,,,,,,,5/3/1952 0:00,4.08432,365.287321
,,125,6/16/1952,,,,,14,14000,,,,,,,,,,,,,,,,,,,,,,,6/16/1952 0:00,4.2672,396.4358523
,,126,7/1/1952,,,,,13.04,10900,,,,,,,,,,,,,,,,,,,,,,,7/1/1952 0:00,3.974592,308.6536279
,,127,9/2/1952,,,,,9.58,4620,,,,,,,,,,,,,,,,,,,,,,,9/2/1952 0:00,2.919984,130.8238313
,,128,9/5/1952,,,,,10.94,7000,,,,,,,,,,,,,,,,,,,,,,,9/5/1952 0:00,3.334512,198.2179261
,,129,10/17/1952,,,,,11.06,7260,,,,,,,,,,,,,,,,,,,,,,,10/17/1952 0:00,3.371088,205.5803063
,,130,11/20/1952,,,,,11.14,7510,,,,,,,,,,,,,,,,,,,,,,,11/20/1952 0:00,3.395472,212.6595179
,,132,1/20/1953,,,,,18.97,27700,,,,,,,,,,,,,,,,,,,,,,,1/20/1953 0:00,5.782056,784.3766506
,,133,2/16/1953,,,,,13.67,12900,,,,,,,,,,,,,,,,,,,,,,,2/16/1953 0:00,4.166616,365.287321
,,134,3/23/1953,,,,,12.04,8710,,,,,,,,,,,,,,,,,,,,,,,3/23/1953 0:00,3.669792,246.6397338
,,135,5/4/1953,,,,,14.63,14800,,,,,,,,,,,,,,,,,,,,,,,5/4/1953 0:00,4.459224,419.0893296
,,136,6/1/1953,,,,,15.78,17400,,,,,,,,,,,,,,,,,,,,,,,6/1/1953 0:00,4.809744,492.7131307
,,137,7/6/1953,,,,,17.81,22400,,,,,,,,,,,,,,,,,,,,,,,7/6/1953 0:00,5.428488,634.2973637
,,138,8/11/1953,,,,,14.86,15000,,,,,,,,,,,,,,,,,,,,,,,8/11/1953 0:00,4.529328,424.7526989
,,139,9/14/1953,,,,,11.34,6800,,,,,,,,,,,,,,,,,,,,,,,9/14/1953 0:00,3.456432,192.5545568
,,140,10/18/1953,,,,,13.71,11900,,,,,,,,,,,,,,,,,,,,,,,10/18/1953 0:00,4.178808,336.9704744
,,141,11/23/1953,,,,,16.83,20300,,,,,,,,,,,,,,,,,,,,,,,11/23/1953 0:00,5.129784,574.8319858
,,142,12/24/1953,,,,,18.31,23000,,,,,,,,,,,,,,,,,,,,,,,12/24/1953 0:00,5.580888,651.2874716
,,143,1/26/1954,,,,,14.93,14300,,,,,,,,,,,,,,,,,,,,,,,1/26/1954 0:00,4.550664,404.9309063
,,144,3/24/1954,,,,,14.57,13500,,,,,,,,,,,,,,,,,,,,,,,3/24/1954 0:00,4.440936,382.277429
,,145,4/4/1954,,,,,15.61,16000,,,,,,,,,,,,,,,,,,,,,,,4/4/1954 0:00,4.757928,453.0695455
,,146,5/6/1954,,,,,15.02,14900,,,,,,,,,,,,,,,,,,,,,,,5/6/1954 0:00,4.578096,421.9210142
,,147,6/7/1954,,,,,17.95,21700,,,,,,,,,,,,,,,,,,,,,,,6/7/1954 0:00,5.47116,614.475571
,,148,7/20/1954,,,,,22.13,35300,,,,,,,,,,,,,,,,,,,,,,,7/20/1954 0:00,6.745224,999.5846847
,,149,8/20/1954,,,,,16.61,18400,,,,,,,,,,,,,,,,,,,,,,,8/20/1954 0:00,5.062728,521.0299773
,,150,9/25/1954,,,,,14.5,12600,,,,,,,,,,,,,,,,,,,,,,,9/25/1954 0:00,4.4196,356.7922671
,,151,10/28/1954,,,,,14.22,12600,,,,,,,,,,,,,,,,,,,,,,,10/28/1954 0:00,4.334256,356.7922671
,,152,12/8/1954,,,,,15.22,14500,,,,,,,,,,,,,,,,,,,,,,,12/8/1954 0:00,4.639056,410.5942756
,,153,1/14/1955,,,,,14.47,13700,,,,,,,,,,,,,,,,,,,,,,,1/14/1955 0:00,4.410456,387.9407983
,,154,2/21/1955,,,,,12.72,9350,,,,,,,,,,,,,,,,,,,,,,,2/21/1955 0:00,3.877056,264.7625156
,,155,4/13/1955,,,,,16.4,18000,,,,,,,,,,,,,,,,,,,,,,,4/13/1955 0:00,4.99872,509.7032387
,,156,5/20/1955,,,,,22.02,35800,,,,,,,,,,,,,,,,,,,,,,,5/20/1955 0:00,6.711696,1013.743108
,,157,6/23/1955,,,,,23.98,43200,,,,,,,,,,,,,,,,,,,,,,,6/23/1955 0:00,7.309104,1223.287773
,,158,7/25/1955,,,,,20.26,29800,,,,,,,,,,,,,,,,,,,,,,,7/25/1955 0:00,6.175248,843.8420284
,,159,8/29/1955,,,,,11.93,7760,,,,,,,,,,,,,,,,,,,,,,,8/29/1955 0:00,3.636264,219.7387296
,,160,10/10/1955,,,,,15.98,18000,,,,,,,,,,,,,,,,,,,,,,,10/10/1955 0:00,4.870704,509.7032387
,,161,11/24/1955,,,,,14.04,13400,,,,,,,,,,,,,,,,,,,,,,,11/24/1955 0:00,4.279392,379.4457443
,,162,1/9/1956,,,,,14.48,14300,,,,,,,,,,,,,,,,,,,,,,,1/9/1956 0:00,4.413504,404.9309063
,,163,2/24/1956,,,,,12.5,9870,,,,,,,,,,,,,,,,,,,,,,,2/24/1956 0:00,3.81,279.4872759
,,164,4/6/1956,,,,,13.44,12400,,,,,,,,,,,,,,,,,,,,,,,4/6/1956 0:00,4.096512,351.1288977
,,165,5/13/1956,,,,,17.17,21900,,,,,,,,,,,,,,,,,,,,,,,5/13/1956 0:00,5.233416,620.1389404
,,166,6/21/1956,,,,,21.06,33500,,,,,,,,,,,,,,,,,,,,,,,6/21/1956 0:00,6.419088,948.6143608
,,167,8/10/1956,,,,,13.82,12600,,,,,,,,,,,,,,,,,,,,,,,8/10/1956 0:00,4.212336,356.7922671
,,168,9/27/1956,,,,,17.15,21600,,,,,,,,,,,,,,,,,,,,,,,9/27/1956 0:00,5.22732,611.6438864
,,170,12/26/1956,,,,,16.32,19200,,,,,,,,,,,,,,,,,,,,,,,12/26/1956 0:00,4.974336,543.6834546
,,171,3/11/1957,,,,,15.27,16300,,,,,,,,,,,,,,,,,,,,,,,3/11/1957 0:00,4.654296,461.5645994
,,172,4/19/1957,,,,,15.36,16400,,,,,,,,,,,,,,,,,,,,,,,4/19/1957 0:00,4.681728,464.3962841
,,173,5/27/1957,,,,,17.6,21500,,,,,,,,,,,,,,,,,,,,,,,5/27/1957 0:00,5.36448,608.8122017
,,174,7/1/1957,,,,,14.64,14300,,,,,,,,,,,,,,,,,,,,,,,7/1/1957 0:00,4.462272,404.9309063
,,175,8/15/1957,,,,,11.82,7270,,,,,,,,,,,,,,,,,,,,,,,8/15/1957 0:00,3.602736,205.8634747
,,176,9/23/1957,,,,,10.28,5060,,,,,,,,,,,,,,,,,,,,,,,9/23/1957 0:00,3.133344,143.2832438
,,177,11/16/1957,,,,,13.79,12400,,,,,,,,,,,,,,,,,,,,,,,11/16/1957 0:00,4.203192,351.1288977
,,178,12/19/1957,,,,,13.7,12600,,,,,,,,,,,,,,,,,,,,,,,12/19/1957 0:00,4.17576,356.7922671
,,179,2/6/1958,,,,,14.1,12800,,,,,,,,,,,,,,,,,,,,,,,2/6/1958 0:00,4.29768,362.4556364
,,180,3/14/1958,,,,,12.97,10100,,,,,,,,,,,,,,,,,,,,,,,3/14/1958 0:00,3.953256,286.0001506
,,181,4/18/1958,,,,,14.85,14300,,,,,,,,,,,,,,,,,,,,,,,4/18/1958 0:00,4.52628,404.9309063
,,182,6/6/1958,,,,,19.26,27900,,,,,,,,,,,,,,,,,,,,,,,6/6/1958 0:00,5.870448,790.0400199
,,183,7/15/1958,,,,,13.54,11500,,,,,,,,,,,,,,,,,,,,,,,7/15/1958 0:00,4.126992,325.6437358
,,184,8/29/1958,,,,,11.62,6560,,,,,,,,,,,,,,,,,,,,,,,8/29/1958 0:00,3.541776,185.7585136
,,185,10/10/1958,,,,,17.2,20800,,,,,,,,,,,,,,,,,,,,,,,10/10/1958 0:00,5.24256,588.9904091
,,186,11/14/1958,,,,,20.27,29000,,,,,,,,,,,,,,,,,,,,,,,11/14/1958 0:00,6.178296,821.1885512
,,187,12/31/1958,,,,,18.98,26000,,,,,,,,,,,,,,,,,,,,,,,12/31/1958 0:00,5.785104,736.2380114
,,188,1/30/1959,,,,,16.92,19600,,,,,,,,,,,,,,,,,,,,,,,1/30/1959 0:00,5.157216,555.0101932
,,189,3/6/1959,,,,,14.67,13900,,,,,,,,,,,,,,,,,,,,,,,3/6/1959 0:00,4.471416,393.6041676
,,190,4/8/1959,,,,,15.86,17400,,,,,,,,,,,,,,,,,,,,,,,4/8/1959 0:00,4.834128,492.7131307
,,191,5/15/1959,,,,,20.48,31200,,,,,,,,,,,,,,,,,,,,,,,5/15/1959 0:00,6.242304,883.4856137
,,192,6/22/1959,,,,,20.73,32100,,,,,,,,,,,,,,,,,,,,,,,6/22/1959 0:00,6.318504,908.9707756
,,193,7/24/1959,,,,,18.22,25100,,,,,,,,,,,,,,,,,,,,,,,7/24/1959 0:00,5.553456,710.7528495
USGS,12200500,194,8/29/1959,,Yes,JRW,USGS,14.69,14400,Good,,,Unspecifed,MEAS,1,Imported Channel 1,UNSP,QSCMM,unkno,14400,610,4890,2.94,UNSP,UNSP,UNSP,unkn,UNSP,UNSP,UNSP,,8/29/1959 0:00,4.477512,407.7625909
USGS,12200500,195,10/2/1959,,Yes,JRW,USGS,14.39,13700,Good,,,Unspecifed,MEAS,1,Imported Channel 1,UNSP,QSCMM,unkno,13700,610,4860,2.82,UNSP,UNSP,UNSP,unkn,UNSP,UNSP,UNSP,,10/2/1959 0:00,4.386072,387.9407983
USGS,12200500,196,11/8/1959,,Yes,JRW,USGS,14.36,13700,Good,,,Unspecifed,MEAS,1,Imported Channel 1,UNSP,QSCMM,unkno,13700,610,4760,2.88,UNSP,UNSP,UNSP,unkn,UNSP,UNSP,UNSP,,11/8/1959 0:00,4.376928,387.9407983
USGS,12200500,198,1/17/1960,,Yes,JRW,USGS,13.59,11900,Good,,,Unspecifed,MEAS,1,Imported Channel 1,UNSP,QSCMM,unkno,11900,605,4080,2.92,UNSP,UNSP,UNSP,unkn,UNSP,UNSP,UNSP,,1/17/1960 0:00,4.142232,336.9704744
USGS,12200500,200,3/22/1960,,Yes,WMM,USGS,13.96,13000,Good,,,Unspecifed,MEAS,1,Imported Channel 1,UNSP,QSCMM,unkno,13000,610,4580,2.84,UNSP,UNSP,UNSP,unkn,UNSP,UNSP,UNSP,,3/22/1960 0:00,4.255008,368.1190057
USGS,12200500,201,5/4/1960,,Yes,JRW,USGS,15.61,16500,Good,,,Unspecifed,MEAS,1,Imported Channel 1,UNSP,QSCMM,unkno,16500,615,5570,2.96,UNSP,UNSP,UNSP,unkn,UNSP,UNSP,UNSP,,5/4/1960 0:00,4.757928,467.2279688
USGS,12200500,202,6/2/1960,,Yes,EAJ,USGS,17.8,21300,Good,,,Unspecifed,MEAS,1,Imported Channel 1,UNSP,QSCMM,unkno,21300,623,6020,3.54,UNSP,UNSP,UNSP,unkn,UNSP,UNSP,UNSP,,6/2/1960 0:00,5.42544,603.1488324
USGS,12200500,203,7/14/1960,,Yes,DR,USGS,15.87,18000,Good,,,Unspecifed,MEAS,1,Imported Channel 1,UNSP,QSCMM,unkno,18000,610,5470,3.29,UNSP,UNSP,UNSP,unkn,UNSP,UNSP,UNSP,,7/14/1960 0:00,4.837176,509.7032387
USGS,12200500,204,8/20/1960,,Yes,JRW,USGS,12.97,10800,Good,,,Unspecifed,MEAS,1,Imported Channel 1,UNSP,QSCMM,unkno,10800,600,3910,2.76,UNSP,UNSP,UNSP,unkn,UNSP,UNSP,UNSP,,8/20/1960 0:00,3.953256,305.8219432
USGS,12200500,205,9/23/1960,,Yes,WMD,USGS,10.52,5400,Good,,,Unspecifed,MEAS,1,Imported Channel 1,UNSP,QSCMM,unkno,5400,565,2600,2.08,UNSP,UNSP,UNSP,unkn,UNSP,UNSP,UNSP,,9/23/1960 0:00,3.206496,152.9109716
USGS,12200500,206,11/10/1960,,Yes,WMD,USGS,13.74,12300,Good,,,Unspecifed,MEAS,1,Imported Channel 1,UNSP,QSCMM,unkno,12300,610,4440,2.77,UNSP,UNSP,UNSP,unkn,UNSP,UNSP,UNSP,,11/10/1960 0:00,4.187952,348.2972131
USGS,12200500,207,12/22/1960,,Yes,WMD,USGS,15.17,15400,Unspecified,,,Unspecifed,MEAS,1,Imported Channel 1,UNSP,QSCMM,unkno,15400,610,5600,2.75,UNSP,UNSP,UNSP,unkn,UNSP,UNSP,UNSP,,12/22/1960 0:00,4.623816,436.0794375
USGS,12200500,208,1/17/1961,,Yes,WMD/JRW,USGS,25.32,54500,Good,,,Unspecifed,MEAS,1,Imported Channel 1,UNSP,QSCMM,unkno,54500,642,11900,4.58,UNSP,UNSP,UNSP,unkn,UNSP,UNSP,UNSP,,1/17/1961 0:00,7.717536,1543.268139
USGS,12200500,209,1/27/1961,,Yes,WMD,USGS,14.37,13700,Good,,,Unspecifed,MEAS,1,Imported Channel 1,UNSP,QSCMM,unkno,13700,605,5010,2.74,UNSP,UNSP,UNSP,unkn,UNSP,UNSP,UNSP,,1/27/1961 0:00,4.379976,387.9407983
USGS,12200500,210,3/3/1961,,Yes,WMD,USGS,16.25,18200,Good,,,Unspecifed,MEAS,1,Imported Channel 1,UNSP,QSCMM,unkno,18200,614,6060,3,UNSP,UNSP,UNSP,unkn,UNSP,UNSP,UNSP,,3/3/1961 0:00,4.953,515.366608
USGS,12200500,211,3/31/1961,,Yes,WMD,USGS,14.26,13500,Good,,,Unspecifed,MEAS,1,Imported Channel 1,UNSP,QSCMM,unkno,13500,605,4950,2.73,UNSP,UNSP,UNSP,unkn,UNSP,UNSP,UNSP,,3/31/1961 0:00,4.346448,382.277429
USGS,12200500,212,5/12/1961,,Yes,WMD,USGS,15.88,16500,Good,,,Unspecifed,MEAS,1,Imported Channel 1,UNSP,QSCMM,unkno,16500,615,5910,2.79,UNSP,UNSP,UNSP,unkn,UNSP,UNSP,UNSP,,5/12/1961 0:00,4.840224,467.2279688
USGS,12200500,213,6/16/1961,,Yes,WMD,USGS,21.52,36000,Good,,,Unspecifed,MEAS,1,Imported Channel 1,UNSP,QSCMM,unkno,36000,629,9580,3.76,UNSP,UNSP,UNSP,unkn,UNSP,UNSP,UNSP,,6/16/1961 0:00,6.559296,1019.406477
USGS,12200500,214,8/11/1961,,Yes,WMD/Pot,USGS,12.63,9020,Good,,,Unspecifed,MEAS,1,Imported Channel 1,UNSP,QSCMM,unkno,9020,605,3300,2.73,UNSP,UNSP,UNSP,unkn,UNSP,UNSP,UNSP,,8/11/1961 0:00,3.849624,255.4179563
USGS,12200500,215,9/11/1961,,Yes,WMD/Gre,USGS,11.37,6780,Good,,,Unspecifed,MEAS,1,Imported Channel 1,UNSP,QSCMM,unkno,6780,599,2800,2.42,UNSP,UNSP,UNSP,unkn,UNSP,UNSP,UNSP,,9/11/1961 0:00,3.465576,191.9882199
USGS,12200500,216,10/20/1961,,Yes,WMD,USGS,13.17,10600,Good,,,Unspecifed,MEAS,1,Imported Channel 1,UNSP,QSCMM,unkno,10600,612,4090,2.59,UNSP,UNSP,UNSP,unkn,UNSP,UNSP,UNSP,,10/20/1961 0:00,4.014216,300.1585739
USGS,12200500,217,12/1/1961,,Yes,WMD,USGS,14.22,14000,Fair,,,Unspecifed,MEAS,1,Imported Channel 1,UNSP,QSCMM,unkno,14000,609,5030,2.78,UNSP,UNSP,UNSP,unkn,UNSP,UNSP,UNSP,,12/1/1961 0:00,4.334256,396.4358523
USGS,12200500,218,1/17/1962,,Yes,WMD,USGS,14.55,14400,Good,,,Unspecifed,MEAS,1,Imported Channel 1,UNSP,QSCMM,unkno,14400,610,5340,2.7,UNSP,UNSP,UNSP,unkn,UNSP,UNSP,UNSP,,1/17/1962 0:00,4.43484,407.7625909
USGS,12200500,219,3/19/1962,,Yes,AS,USGS,12.87,10500,Good,,,Unspecifed,MEAS,1,Imported Channel 1,UNSP,QSCMM,unkno,10500,600,3860,2.72,UNSP,UNSP,UNSP,unkn,UNSP,UNSP,UNSP,,3/19/1962 0:00,3.922776,297.3268892
USGS,12200500,220,4/20/1962,,Yes,AS,USGS,15.5,16300,Good,,,Unspecifed,MEAS,1,Imported Channel 1,UNSP,QSCMM,unkno,16300,608,5590,2.92,UNSP,UNSP,UNSP,unkn,UNSP,UNSP,UNSP,,4/20/1962 0:00,4.7244,461.5645994
USGS,12200500,221,5/21/1962,,Yes,AS,USGS,12.73,9910,Good,,,Unspecifed,MEAS,1,Imported Channel 1,UNSP,QSCMM,unkno,9910,600,3980,2.5,UNSP,UNSP,UNSP,unkn,UNSP,UNSP,UNSP,,5/21/1962 0:00,3.880104,280.6199497
USGS,12200500,222,6/26/1962,,Yes,AS/Mor,USGS,19.82,30100,Good,,,Unspecifed,MEAS,1,Imported Channel 1,UNSP,QSCMM,unkno,30100,620,8450,3.56,UNSP,UNSP,UNSP,unkn,UNSP,UNSP,UNSP,,6/26/1962 0:00,6.041136,852.3370824
USGS,12200500,223,8/10/1962,,Yes,AS,USGS,14.44,13300,Good,,,Unspecifed,MEAS,1,Imported Channel 1,UNSP,QSCMM,unkno,13300,604,5230,2.54,UNSP,UNSP,UNSP,unkn,UNSP,UNSP,UNSP,,8/10/1962 0:00,4.401312,376.6140597
USGS,12200500,224,9/11/1962,,Yes,AS/Mor,USGS,12.31,9040,Good,,,Unspecifed,MEAS,1,Imported Channel 1,UNSP,QSCMM,unkno,9040,600,3730,2.42,UNSP,UNSP,UNSP,unkn,UNSP,UNSP,UNSP,,9/11/1962 0:00,3.752088,255.9842932
USGS,12200500,225,10/17/1962,,Yes,AS,USGS,13.27,10700,Good,,,Unspecifed,MEAS,1,Imported Channel 1,UNSP,QSCMM,unkno,10700,604,4310,2.48,UNSP,UNSP,UNSP,unkn,UNSP,UNSP,UNSP,,10/17/1962 0:00,4.044696,302.9902585
USGS,12200500,227,1/4/1963,,Yes,AS,USGS,21.73,36100,Good,,,Unspecifed,MEAS,1,Imported Channel 1,UNSP,QSCMM,unkno,36100,628,9750,3.7,UNSP,UNSP,UNSP,unkn,UNSP,UNSP,UNSP,,1/4/1963 0:00,6.623304,1022.238162
USGS,12200500,228,2/5/1963,,Yes,AS,USGS,26.59,61600,Good,,,Unspecifed,MEAS,1,Imported Channel 1,UNSP,QSCMM,unkno,61600,645,,,UNSP,UNSP,UNSP,unkn,UNSP,UNSP,UNSP,,2/5/1963 0:00,8.104632,1744.31775
USGS,12200500,229,3/12/1963,,Yes,AS,USGS,13.9,12200,Good,,,Unspecifed,MEAS,1,Imported Channel 1,UNSP,QSCMM,unkno,12200,604,4490,2.72,UNSP,UNSP,UNSP,unkn,UNSP,UNSP,UNSP,,3/12/1963 0:00,4.23672,345.4655284
USGS,12200500,230,4/23/1963,,Yes,AS,USGS,14.1,13200,Good,,,Unspecifed,MEAS,1,Imported Channel 1,UNSP,QSCMM,unkno,13200,604,4770,2.77,UNSP,UNSP,UNSP,unkn,UNSP,UNSP,UNSP,,4/23/1963 0:00,4.29768,373.782375
USGS,12200500,231,6/11/1963,,Yes,AS,USGS,16.83,20300,Good,,,Unspecifed,MEAS,1,Imported Channel 1,UNSP,QSCMM,unkno,20300,614,6550,3.1,UNSP,UNSP,UNSP,unkn,UNSP,UNSP,UNSP,,6/11/1963 0:00,5.129784,574.8319858
USGS,12200500,232,7/4/1963,,Yes,LEJ,USGS,16.05,18100,Good,,,Unspecifed,MEAS,1,Imported Channel 1,UNSP,QSCMM,unkno,18100,610,6180,2.93,UNSP,UNSP,UNSP,unkn,UNSP,UNSP,UNSP,,7/4/1963 0:00,4.89204,512.5349233
USGS,12200500,233,8/15/1963,,Yes,LEJ,USGS,13.33,11300,Good,,,Unspecifed,MEAS,1,Imported Channel 1,UNSP,QSCMM,unkno,11300,605,4660,2.42,UNSP,UNSP,UNSP,unkn,UNSP,UNSP,UNSP,,8/15/1963 0:00,4.062984,319.9803665
USGS,12200500,234,9/23/1963,,Yes,AS/RR,USGS,12.36,9290,Good,,,Unspecifed,MEAS,1,Imported Channel 1,UNSP,QSCMM,unkno,9290,602,3600,2.58,UNSP,UNSP,UNSP,unkn,UNSP,UNSP,UNSP,,9/23/1963 0:00,3.767328,263.0635048
USGS,12200500,235,10/28/1963,,Yes,AWM,USGS,16.55,19300,Good,,,Unspecifed,MEAS,1,Imported Channel 1,UNSP,QSCMM,unkno,19300,613,6440,3,UNSP,UNSP,UNSP,unkn,UNSP,UNSP,UNSP,,10/28/1963 0:00,5.04444,546.5151392
USGS,12200500,238,2/14/1964,,Yes,AWM,USGS,14.6,14400,Good,,,Unspecifed,MEAS,1,Imported Channel 1,UNSP,QSCMM,unkno,14400,600,5060,2.85,UNSP,UNSP,UNSP,unkn,UNSP,UNSP,UNSP,,2/14/1964 0:00,4.45008,407.7625909
USGS,12200500,239,3/20/1964,,Yes,AWM,USGS,15.28,16400,Good,,,Unspecifed,MEAS,1,Imported Channel 1,UNSP,QSCMM,unkno,16400,610,5580,2.94,UNSP,UNSP,UNSP,unkn,UNSP,UNSP,UNSP,,3/20/1964 0:00,4.657344,464.3962841
USGS,12200500,240,4/23/1964,,Yes,AWM,USGS,14.88,15000,Good,,,Unspecifed,MEAS,1,Imported Channel 1,UNSP,QSCMM,unkno,15000,610,5380,2.79,UNSP,UNSP,UNSP,unkn,UNSP,UNSP,UNSP,,4/23/1964 0:00,4.535424,424.7526989
USGS,12200500,241,6/1/1964,,Yes,AWM,USGS,22.42,38500,Good,,,Unspecifed,MEAS,1,Imported Channel 1,UNSP,QSCMM,unkno,38500,630,10100,3.81,UNSP,UNSP,UNSP,unkn,UNSP,UNSP,UNSP,,6/1/1964 0:00,6.833616,1090.198594
USGS,12200500,242,6/30/1964,,Yes,AWM,USGS,19.41,28400,Good,,,Unspecifed,MEAS,1,Imported Channel 1,UNSP,QSCMM,unkno,28400,622,8320,3.41,UNSP,UNSP,UNSP,unkn,UNSP,UNSP,UNSP,,6/30/1964 0:00,5.916168,804.1984432
USGS,12200500,243,8/7/1964,,Yes,AWM,USGS,16.57,19300,Good,,,Unspecifed,MEAS,1,Imported Channel 1,UNSP,QSCMM,unkno,19300,612,6390,3.02,UNSP,UNSP,UNSP,unkn,UNSP,UNSP,UNSP,,8/7/1964 0:00,5.050536,546.5151392
USGS,12200500,244,9/11/1964,,Yes,OCH,USGS,13.37,11400,Good,,,Unspecifed,MEAS,1,Imported Channel 1,UNSP,QSCMM,unkno,11400,610,4110,2.77,UNSP,UNSP,UNSP,unkn,UNSP,UNSP,UNSP,,9/11/1964 0:00,4.075176,322.8120511
USGS,12200500,245,10/14/1964,,Yes,OCH,USGS,14.06,12800,Good,,,Unspecifed,MEAS,1,Imported Channel 1,UNSP,QSCMM,unkno,12800,608,4600,2.78,UNSP,UNSP,UNSP,unkn,UNSP,UNSP,UNSP,,10/14/1964 0:00,4.285488,362.4556364
USGS,12200500,246,11/17/1964,,Yes,OCH,USGS,13.46,11700,Good,,,Unspecifed,MEAS,1,Imported Channel 1,UNSP,QSCMM,unkno,11700,600,4370,2.68,UNSP,UNSP,UNSP,unkn,UNSP,UNSP,UNSP,,11/17/1964 0:00,4.102608,331.3071051
USGS,12200500,247,12/22/1964,,Yes,OCH,USGS,14.33,13100,Good,,,Unspecifed,MEAS,1,Imported Channel 1,UNSP,QSCMM,unkno,13100,605,4900,2.67,UNSP,UNSP,UNSP,unkn,UNSP,UNSP,UNSP,,12/22/1964 0:00,4.367784,370.9506904
USGS,12200500,248,1/19/1965,,Yes,OCH,USGS,15.86,17700,Good,,,Unspecifed,MEAS,1,Imported Channel 1,UNSP,QSCMM,unkno,17700,605,5860,3.02,UNSP,UNSP,UNSP,unkn,UNSP,UNSP,UNSP,,1/19/1965 0:00,4.834128,501.2081847
USGS,12200500,249,3/5/1965,,Yes,OCH,USGS,14.19,13400,Good,,,Unspecifed,MEAS,1,Imported Channel 1,UNSP,QSCMM,unkno,13400,608,4900,2.73,UNSP,UNSP,UNSP,unkn,UNSP,UNSP,UNSP,,3/5/1965 0:00,4.325112,379.4457443
USGS,12200500,250,4/20/1965,,Yes,OCH,USGS,18.17,23500,Good,,,Unspecifed,MEAS,1,Imported Channel 1,UNSP,QSCMM,unkno,23500,618,7060,3.33,UNSP,UNSP,UNSP,unkn,UNSP,UNSP,UNSP,,4/20/1965 0:00,5.538216,665.4458949
USGS,12200500,251,6/2/1965,,Yes,OCH,USGS,16.84,20300,Good,,,Unspecifed,MEAS,1,Imported Channel 1,UNSP,QSCMM,unkno,20300,616,6430,3.16,UNSP,UNSP,UNSP,unkn,UNSP,UNSP,UNSP,,6/2/1965 0:00,5.132832,574.8319858
USGS,12200500,252,7/16/1965,,Yes,OCH/NNH,USGS,18.28,24400,Good,,,Unspecifed,MEAS,1,Imported Channel 1,UNSP,QSCMM,unkno,24400,620,7460,3.27,UNSP,UNSP,UNSP,unkn,UNSP,UNSP,UNSP,,7/16/1965 0:00,5.571744,690.9310568
USGS,12200500,253,8/31/1965 13:40,PDT,Yes,OCH,USGS,11.61,7080,Good,,,Unspecifed,MEAS,1,Imported Channel 1,UNSP,QSCMM,unkno,7080,595,3180,2.23,UNSP,UNSP,UNSP,unkn,UNSP,UNSP,UNSP,,8/31/1965 13:40,3.538728,200.4832739
USGS,12200500,254,10/12/1965 8:30,PDT,Yes,OCH,USGS,12.19,8460,Good,,,Unspecifed,MEAS,1,Imported Channel 1,UNSP,QSCMM,unkno,8460,605,3440,2.46,UNSP,UNSP,UNSP,unkn,UNSP,UNSP,UNSP,,10/12/1965 8:30,3.715512,239.5605222
USGS,12200500,255,11/13/1965 13:50,PST,Yes,DAS,USGS,14.38,13500,Good,,,Unspecifed,MEAS,1,Imported Channel 1,UNSP,QSCMM,unkno,13500,610,4610,2.93,UNSP,UNSP,UNSP,unkn,UNSP,UNSP,UNSP,,11/13/1965 13:50,4.383024,382.277429
USGS,12200500,256,1/14/1966 15:45,PST,Yes,DAS,USGS,20.51,31200,Good,,,Unspecifed,MEAS,1,Imported Channel 1,UNSP,QSCMM,unkno,31200,623,8780,3.55,UNSP,UNSP,UNSP,unkn,UNSP,UNSP,UNSP,,1/14/1966 15:45,6.251448,883.4856137
USGS,12200500,257,2/9/1966 15:15,PST,Yes,DAS,USGS,14.5,14000,Good,,,Unspecifed,MEAS,1,Imported Channel 1,UNSP,QSCMM,unkno,14000,610,4980,2.81,UNSP,UNSP,UNSP,unkn,UNSP,UNSP,UNSP,,2/9/1966 15:15,4.4196,396.4358523
USGS,12200500,258,3/23/1966 11:00,PST,Yes,DAS,USGS,14.18,13500,Good,,,Unspecifed,MEAS,1,Imported Channel 1,UNSP,QSCMM,unkno,13500,610,4910,2.75,UNSP,UNSP,UNSP,unkn,UNSP,UNSP,UNSP,,3/23/1966 11:00,4.322064,382.277429
USGS,12200500,259,5/5/1966 19:55,PDT,Yes,OCH/RQ,USGS,17.55,22700,Good,,,Unspecifed,MEAS,1,Imported Channel 1,UNSP,QSCMM,unkno,22700,615,7020,3.23,UNSP,UNSP,UNSP,unkn,UNSP,UNSP,UNSP,,5/5/1966 19:55,5.34924,642.7924176
USGS,12200500,260,6/8/1966 10:30,PDT,Yes,WF,USGS,18.58,25300,Good,,,Unspecifed,MEAS,1,Imported Channel 1,UNSP,QSCMM,unkno,25300,620,7630,3.32,UNSP,UNSP,UNSP,unkn,UNSP,UNSP,UNSP,,6/8/1966 10:30,5.663184,716.4162188
USGS,12200500,261,7/27/1966 7:45,PDT,Yes,RQ,USGS,14.98,14800,Good,,,Unspecifed,MEAS,1,Imported Channel 1,UNSP,QSCMM,unkno,14800,609,5450,2.72,UNSP,UNSP,UNSP,unkn,UNSP,UNSP,UNSP,,7/27/1966 7:45,4.565904,419.0893296
USGS,12200500,262,9/7/1966 8:30,PDT,Yes,RQ,USGS,12.05,8360,Good,,,Unspecifed,MEAS,1,Imported Channel 1,UNSP,QSCMM,unkno,8360,600,3480,2.4,UNSP,UNSP,UNSP,unkn,UNSP,UNSP,UNSP,,9/7/1966 8:30,3.67284,236.7288375
USGS,12200500,263,10/11/1966 9:10,PDT,Yes,RQ,USGS,12.19,8560,Good,,,Unspecifed,MEAS,1,Imported Channel 1,UNSP,QSCMM,unkno,8560,596,3480,2.46,UNSP,UNSP,UNSP,unkn,UNSP,UNSP,UNSP,,10/11/1966 9:10,3.715512,242.3922068
USGS,12200500,264,11/28/1966 12:30,PST,Yes,RQ,USGS,15.91,17400,Good,,,Unspecifed,MEAS,1,Imported Channel 1,UNSP,QSCMM,unkno,17400,611,5970,2.88,UNSP,UNSP,UNSP,unkn,UNSP,UNSP,UNSP,,11/28/1966 12:30,4.849368,492.7131307
USGS,12200500,265,1/5/1967 8:45,PST,Yes,RQ,USGS,17.27,21500,Good,,,Unspecifed,MEAS,1,Imported Channel 1,UNSP,QSCMM,unkno,21500,619,6970,3.06,UNSP,UNSP,UNSP,unkn,UNSP,UNSP,UNSP,,1/5/1967 8:45,5.263896,608.8122017
USGS,12200500,266,2/11/1967 14:00,PST,Yes,RQ,USGS,15.54,17200,Good,,,Unspecifed,MEAS,1,Imported Channel 1,UNSP,QSCMM,unkno,17200,612,5820,2.9,UNSP,UNSP,UNSP,unkn,UNSP,UNSP,UNSP,,2/11/1967 14:00,4.736592,487.0497614
USGS,12200500,267,3/24/1967 8:50,PST,Yes,RQ,USGS,19.43,28000,Good,,,Unspecifed,MEAS,1,Imported Channel 1,UNSP,QSCMM,unkno,28000,624,8070,3.47,UNSP,UNSP,UNSP,unkn,UNSP,UNSP,UNSP,,3/24/1967 8:50,5.922264,792.8717046
USGS,12200500,268,5/10/1967 12:45,PDT,Yes,RQ,USGS,16.52,19300,Good,,,Unspecifed,MEAS,1,Imported Channel 1,UNSP,QSCMM,unkno,19300,613,6430,3,UNSP,UNSP,UNSP,unkn,UNSP,UNSP,UNSP,,5/10/1967 12:45,5.035296,546.5151392
USGS,12200500,269,6/20/1967 10:15,PDT,Yes,GTH/JRW,USGS,26.82,57600,Good,,,Unspecifed,MEAS,1,Imported Channel 1,UNSP,QSCMM,unkno,57600,637,13100,4.42,UNSP,UNSP,UNSP,unkn,UNSP,UNSP,UNSP,,6/20/1967 10:15,8.174736,1631.050364
USGS,12200500,270,11/19/1967 10:50,PST,Yes,RQ,USGS,14.25,14100,Good,,,Unspecifed,MEAS,1,Imported Channel 1,UNSP,QSCMM,unkno,14100,607,5180,2.68,UNSP,UNSP,UNSP,unkn,UNSP,UNSP,UNSP,,11/19/1967 10:50,4.3434,399.2675369
USGS,12200500,273,12/15/1967 8:39,PST,Yes,RQ,USGS,15.29,16600,Good,,,Unspecifed,MEAS,1,Imported Channel 1,UNSP,QSCMM,unkno,16600,611,5670,2.93,UNSP,UNSP,UNSP,unkn,UNSP,UNSP,UNSP,,12/15/1967 8:39,4.660392,470.0596534
USGS,12200500,274,1/26/1968 13:37,PST,Yes,RQ,USGS,21.03,34900,Good,,,Unspecifed,MEAS,1,Imported Channel 1,UNSP,QSCMM,unkno,34900,624,9040,3.83,UNSP,UNSP,UNSP,unkn,UNSP,UNSP,UNSP,,1/26/1968 13:37,6.409944,988.2579461
USGS,12200500,275,3/22/1968 14:25,PST,Yes,RQ,USGS,13.1,11100,Good,,,Unspecifed,MEAS,1,Imported Channel 1,UNSP,QSCMM,unkno,11100,604,4520,2.46,UNSP,UNSP,UNSP,unkn,UNSP,UNSP,UNSP,,3/22/1968 14:25,3.99288,314.3169972
USGS,12200500,276,5/17/1968,,Yes,RQ,USGS,15.45,17100,Good,,,Unspecifed,MEAS,1,Imported Channel 1,UNSP,QSCMM,unkno,17100,610,5840,2.98,UNSP,UNSP,UNSP,unkn,UNSP,UNSP,UNSP,,5/17/1968 0:00,4.70916,484.2180767
USGS,12200500,277,6/19/1968 13:20,PDT,Yes,RQ/SRE,USGS,19.76,30100,Good,,,Unspecifed,MEAS,1,Imported Channel 1,UNSP,QSCMM,unkno,30100,625,8460,3.56,UNSP,UNSP,UNSP,unkn,UNSP,UNSP,UNSP,,6/19/1968 13:20,6.022848,852.3370824
USGS,12200500,278,9/23/1968 15:45,PDT,Yes,RQ,USGS,14.06,13800,Good,,,Unspecifed,MEAS,1,Imported Channel 1,UNSP,QSCMM,unkno,13800,606,4690,2.94,UNSP,UNSP,UNSP,unkn,UNSP,UNSP,UNSP,,9/23/1968 15:45,4.285488,390.772483
USGS,12200500,279,12/2/1968 13:15,PST,Yes,RQ,USGS,15.75,18100,Good,,,Unspecifed,MEAS,1,Imported Channel 1,UNSP,QSCMM,unkno,18100,612,6060,2.99,UNSP,UNSP,UNSP,unkn,UNSP,UNSP,UNSP,,12/2/1968 13:15,4.8006,512.5349233
USGS,12200500,280,2/28/1969 11:00,PST,Yes,SRE,USGS,13.38,12400,Good,,,Unspecifed,MEAS,1,Imported Channel 1,UNSP,QSCMM,unkno,12400,605,4720,2.63,UNSP,UNSP,UNSP,unkn,UNSP,UNSP,UNSP,,2/28/1969 11:00,4.078224,351.1288977
USGS,12200500,281,4/11/1969 11:00,PST,Yes,SRE,USGS,13.97,13400,Good,,,Unspecifed,MEAS,1,Imported Channel 1,UNSP,QSCMM,unkno,13400,600,4920,2.72,UNSP,UNSP,UNSP,unkn,UNSP,UNSP,UNSP,,4/11/1969 11:00,4.258056,379.4457443
USGS,12200500,282,5/9/1969 13:15,PDT,Yes,SRE,USGS,18.81,27600,Good,,,Unspecifed,MEAS,1,Imported Channel 1,UNSP,QSCMM,unkno,27600,618,7900,3.49,UNSP,UNSP,UNSP,unkn,UNSP,UNSP,UNSP,,5/9/1969 13:15,5.733288,781.5449659
USGS,12200500,283,6/18/1969 8:45,PDT,Yes,SRE,USGS,21.73,37300,Good,,,Unspecifed,MEAS,1,Imported Channel 1,UNSP,QSCMM,unkno,37300,625,9710,3.84,UNSP,UNSP,UNSP,unkn,UNSP,UNSP,UNSP,,6/18/1969 8:45,6.623304,1056.218378
USGS,12200500,284,8/11/1969 10:40,PDT,Yes,SRE,USGS,10.8,6470,Good,,,Unspecifed,MEAS,1,Imported Channel 1,UNSP,QSCMM,unkno,6470,595,3190,2.03,UNSP,UNSP,UNSP,unkn,UNSP,UNSP,UNSP,,8/11/1969 10:40,3.29184,183.2099975
USGS,12200500,285,9/12/1969 10:30,PDT,Yes,SRE,USGS,10.86,7020,Good,,,Unspecifed,MEAS,1,Imported Channel 1,UNSP,QSCMM,unkno,7020,595,2930,2.4,UNSP,UNSP,UNSP,unkn,UNSP,UNSP,UNSP,,9/12/1969 10:30,3.310128,198.7842631
USGS,12200500,286,11/20/1969 12:30,PST,Yes,SRE,USGS,12.95,11300,Unspecified,,,Unspecifed,MEAS,1,Imported Channel 1,UNSP,QSCMM,unkno,11300,600,4310,2.62,UNSP,UNSP,UNSP,unkn,UNSP,UNSP,UNSP,,11/20/1969 12:30,3.94716,319.9803665
USGS,12200500,287,12/21/1969 11:10,PST,Yes,SRE,USGS,15.38,17200,Good,,,Unspecifed,MEAS,1,Imported Channel 1,UNSP,QSCMM,unkno,17200,610,5860,2.94,UNSP,UNSP,UNSP,unkn,UNSP,UNSP,UNSP,,12/21/1969 11:10,4.687824,487.0497614
USGS,12200500,288,3/26/1970 10:20,PST,Yes,SRE,USGS,13.61,12800,Good,,,Unspecifed,MEAS,1,Imported Channel 1,UNSP,QSCMM,unkno,12800,600,4830,2.65,UNSP,UNSP,UNSP,unkn,UNSP,UNSP,UNSP,,3/26/1970 10:20,4.148328,362.4556364
USGS,12200500,290,9/18/1970 8:00,PDT,Yes,WVF,USGS,14.82,17500,Good,,,Unspecifed,MEAS,1,Imported Channel 1,UNSP,QSCMM,unkno,17500,601,5920,2.97,UNSP,UNSP,UNSP,unkn,UNSP,UNSP,UNSP,,9/18/1970 8:00,4.517136,495.5448154
USGS,12200500,291,10/21/1970 8:50,PDT,Yes,WVF,USGS,11.82,9240,Good,,,Unspecifed,MEAS,1,Imported Channel 1,UNSP,QSCMM,unkno,9240,590,3890,2.38,UNSP,UNSP,UNSP,unkn,UNSP,UNSP,UNSP,,10/21/1970 8:50,3.602736,261.6476625
USGS,12200500,292,12/18/1970 8:15,PST,Yes,WVF,USGS,13.24,12600,Unspecified,,,Unspecifed,MEAS,1,Imported Channel 1,UNSP,QSCMM,unkno,12600,600,4960,2.54,UNSP,UNSP,UNSP,unkn,UNSP,UNSP,UNSP,,12/18/1970 8:15,4.035552,356.7922671
USGS,12200500,293,1/31/1971,,Yes,JWM/OCH,USGS,28.48,69400,Good,,,Unspecifed,MEAS,1,Imported Channel 1,UNSP,QSCMM,unkno,69400,655,14500,4.79,UNSP,UNSP,UNSP,unkn,UNSP,UNSP,UNSP,,1/31/1971 0:00,8.680704,1965.189153
USGS,12200500,294,3/18/1971 14:30,PST,Yes,JWM,USGS,12.98,11700,Good,,,Unspecifed,MEAS,1,Imported Channel 1,UNSP,QSCMM,unkno,11700,604,4510,2.6,UNSP,UNSP,UNSP,unkn,UNSP,UNSP,UNSP,,3/18/1971 14:30,3.956304,331.3071051
USGS,12200500,295,5/12/1971 16:00,PDT,Yes,JWM,USGS,20.9,35200,Unspecified,,,Unspecifed,MEAS,1,Imported Channel 1,UNSP,QSCMM,unkno,35200,625,9470,3.72,UNSP,UNSP,UNSP,unkn,UNSP,UNSP,UNSP,,5/12/1971 16:00,6.37032,996.753
USGS,12200500,297,9/17/1971,,Yes,JWM,USGS,10.56,6440,Good,,,Unspecifed,MEAS,1,Imported Channel 1,UNSP,QSCMM,unkno,6440,595,3070,2.1,UNSP,UNSP,UNSP,unkn,UNSP,UNSP,UNSP,,9/17/1971 0:00,3.218688,182.3604921
USGS,12200500,298,12/22/1971,,Yes,JWM,USGS,14.08,14400,Good,,,Unspecifed,MEAS,1,Imported Channel 1,UNSP,QSCMM,unkno,14400,607,5310,2.71,UNSP,UNSP,UNSP,unkn,UNSP,UNSP,UNSP,,12/22/1971 0:00,4.291584,407.7625909
USGS,12200500,299,2/10/1972,,Yes,JWM,USGS,15.04,16800,Good,,,Unspecifed,MEAS,1,Imported Channel 1,UNSP,QSCMM,unkno,16800,610,5950,2.82,UNSP,UNSP,UNSP,unkn,UNSP,UNSP,UNSP,,2/10/1972 0:00,4.584192,475.7230227
USGS,12200500,300,4/14/1972,,Yes,JWM,USGS,15.23,17000,Good,,,Unspecifed,MEAS,1,Imported Channel 1,UNSP,QSCMM,unkno,17000,606,5930,2.87,UNSP,UNSP,UNSP,unkn,UNSP,UNSP,UNSP,,4/14/1972 0:00,4.642104,481.3863921
USGS,12200500,301,6/22/1972 19:30,PDT,Yes,JWM,USGS,21.49,37400,Good,,,Unspecifed,MEAS,1,Imported Channel 1,UNSP,QSCMM,unkno,37400,625,9560,3.91,UNSP,UNSP,UNSP,unkn,UNSP,UNSP,UNSP,,6/22/1972 19:30,6.550152,1059.050063
USGS,12200500,302,8/23/1972 10:00,PDT,Yes,JWM,USGS,15.49,18700,Good,,,Unspecifed,MEAS,1,Imported Channel 1,UNSP,QSCMM,unkno,18700,610,6200,3.02,UNSP,UNSP,UNSP,unkn,UNSP,UNSP,UNSP,,8/23/1972 10:00,4.721352,529.5250313
USGS,12200500,303,10/17/1972 17:30,PDT,Yes,JWM/DND,USGS,10.79,7450,Good,,,Unspecifed,MEAS,1,Imported Channel 1,UNSP,QSCMM,unkno,7450,600,3030,2.46,UNSP,UNSP,UNSP,unkn,UNSP,UNSP,UNSP,,10/17/1972 17:30,3.288792,210.9605071
USGS,12200500,304,12/7/1972 11:25,PST,Yes,JWM,USGS,13.49,13900,Good,,,Unspecifed,MEAS,1,Imported Channel 1,UNSP,QSCMM,unkno,13900,605,4900,2.84,UNSP,UNSP,UNSP,unkn,UNSP,UNSP,UNSP,,12/7/1972 11:25,4.111752,393.6041676
USGS,12200500,305,2/2/1973 11:10,PST,Yes,DT,USGS,12.98,12300,Fair,,,Unspecifed,MEAS,1,Imported Channel 1,UNSP,QSCMM,unkno,12300,540,4190,2.94,UNSP,UNSP,UNSP,unkn,UNSP,UNSP,UNSP,,2/2/1973 11:10,3.956304,348.2972131
USGS,12200500,306,5/10/1973 11:00,PDT,Yes,DT,USGS,13.95,15500,Good,,,Unspecifed,MEAS,1,Imported Channel 1,UNSP,QSCMM,unkno,15500,600,5450,2.84,UNSP,UNSP,UNSP,unkn,UNSP,UNSP,UNSP,,5/10/1973 11:00,4.25196,438.9111222
USGS,12200500,307,8/1/1973,,Yes,EAJ,USGS,13.64,14600,Unspecified,,,Unspecifed,MEAS,1,Imported Channel 1,UNSP,QSCMM,unkno,14600,605,,,UNSP,UNSP,UNSP,unkn,UNSP,UNSP,UNSP,,8/1/1973 0:00,4.157472,413.4259602
USGS,12200500,308,9/25/1973 8:30,PDT,Yes,REQ,USGS,10.84,7820,Good,,,Unspecifed,MEAS,1,Imported Channel 1,UNSP,QSCMM,unkno,7820,597,3330,2.35,UNSP,UNSP,UNSP,unkn,UNSP,UNSP,UNSP,,9/25/1973 8:30,3.304032,221.4377403
USGS,12200500,309,11/21/1973 11:30,PST,Yes,REQ,USGS,13.82,14600,Good,,,Unspecifed,MEAS,1,Imported Channel 1,UNSP,QSCMM,unkno,14600,613,5400,2.7,UNSP,UNSP,UNSP,unkn,UNSP,UNSP,UNSP,,11/21/1973 11:30,4.212336,413.4259602
USGS,12200500,310,1/10/1974 16:30,PDT,Yes,REQ,USGS,13.99,15300,Good,,,Unspecifed,MEAS,1,Imported Channel 1,UNSP,QSCMM,unkno,15300,610,5490,2.79,UNSP,UNSP,UNSP,unkn,UNSP,UNSP,UNSP,,1/10/1974 16:30,4.264152,433.2477529
USGS,12200500,311,4/4/1974,,Yes,DT/GC,USGS,15.82,20500,Unspecified,,,Unspecifed,MEAS,1,Imported Channel 1,UNSP,QSCMM,unkno,20500,610,6460,3.17,UNSP,UNSP,UNSP,unkn,UNSP,UNSP,UNSP,,4/4/1974 0:00,4.821936,580.4953551
USGS,12200500,312,5/20/1974,,Yes,REQ,USGS,14.17,15900,Fair,,,Unspecifed,MEAS,1,Imported Channel 1,UNSP,QSCMM,unkno,15900,657,4930,3.23,UNSP,UNSP,UNSP,unkn,UNSP,UNSP,UNSP,,5/20/1974 0:00,4.319016,450.2378608
USGS,12200500,313,7/9/1974 8:40,PDT,Yes,REQ/MM,USGS,21.73,39000,Good,,,Unspecifed,MEAS,1,Imported Channel 1,UNSP,QSCMM,unkno,39000,623,10200,3.82,UNSP,UNSP,UNSP,unkn,UNSP,UNSP,UNSP,,7/9/1974 8:40,6.623304,1104.357017
USGS,12200500,314,10/3/1974 16:00,PDT,Yes,REQ,USGS,10.47,6850,Good,,,Unspecifed,MEAS,1,Imported Channel 1,UNSP,QSCMM,unkno,6850,596,2770,2.47,UNSP,UNSP,UNSP,unkn,UNSP,UNSP,UNSP,,10/3/1974 16:00,3.191256,193.9703992
USGS,12200500,315,11/18/1974 15:30,PST,Yes,REQ,USGS,13.08,13100,Good,,,Unspecifed,MEAS,1,Imported Channel 1,UNSP,QSCMM,unkno,13100,602,4730,2.77,UNSP,UNSP,UNSP,unkn,UNSP,UNSP,UNSP,,11/18/1974 15:30,3.986784,370.9506904
USGS,12200500,316,1/22/1975,,Yes,DET,USGS,16.03,21500,Unspecified,,,Unspecifed,MEAS,1,Imported Channel 1,UNSP,QSCMM,unkno,21500,600,6700,3.21,UNSP,UNSP,UNSP,unkn,UNSP,UNSP,UNSP,,1/22/1975 0:00,4.885944,608.8122017
USGS,12200500,317,3/17/1975 16:20,PDT,Yes,REQ,USGS,13.8,15300,Good,,,Unspecifed,MEAS,1,Imported Channel 1,UNSP,QSCMM,unkno,15300,605,5330,2.87,UNSP,UNSP,UNSP,unkn,UNSP,UNSP,UNSP,,3/17/1975 16:20,4.20624,433.2477529
USGS,12200500,318,5/19/1975,,Yes,REQ,USGS,16.34,21600,Good,,,Unspecifed,MEAS,1,Imported Channel 1,UNSP,QSCMM,unkno,21600,611,7040,3.07,UNSP,UNSP,UNSP,unkn,UNSP,UNSP,UNSP,,5/19/1975 0:00,4.980432,611.6438864
USGS,12200500,319,7/10/1975 10:02,PDT,Yes,REQ,USGS,23.98,48800,Good,,,Unspecifed,MEAS,1,Imported Channel 1,UNSP,QSCMM,unkno,48800,627,11500,4.24,UNSP,UNSP,UNSP,unkn,UNSP,UNSP,UNSP,,7/10/1975 10:02,7.309104,1381.862114
USGS,12200500,320,9/29/1975 18:00,PDT,Yes,REQ,USGS,9.14,5060,Good,,,Unspecifed,MEAS,1,Imported Channel 1,UNSP,QSCMM,unkno,5060,573,2460,2.06,UNSP,UNSP,UNSP,unkn,UNSP,UNSP,UNSP,,9/29/1975 18:00,2.785872,143.2832438
USGS,12200500,321,9/30/1975 10:00,PDT,Yes,REQ,USGS,9.73,6230,Good,,,Unspecifed,MEAS,1,Imported Channel 1,UNSP,QSCMM,unkno,6230,585,2800,2.22,UNSP,UNSP,UNSP,unkn,UNSP,UNSP,UNSP,,9/30/1975 10:00,2.965704,176.4139543
USGS,12200500,322,11/21/1975 10:00,PST,Yes,REQ/JKI,USGS,16.94,24000,Good,,,Unspecifed,MEAS,1,Imported Channel 1,UNSP,QSCMM,unkno,24000,613,7430,3.24,UNSP,UNSP,UNSP,unkn,UNSP,UNSP,UNSP,,11/21/1975 10:00,5.163312,679.6043182
USGS,12200500,323,1/20/1976,,Yes,JKI,USGS,16.6,24100,Good,,,Unspecifed,MEAS,1,Imported Channel 1,UNSP,QSCMM,unkno,24100,612,7530,3.2,UNSP,UNSP,UNSP,unkn,UNSP,UNSP,UNSP,,1/20/1976 0:00,5.05968,682.4360029
USGS,12200500,324,3/22/1976 14:55,PST,Yes,REQ,USGS,12.35,12700,Good,,,Unspecifed,MEAS,1,Imported Channel 1,UNSP,QSCMM,unkno,12700,602,4790,2.65,UNSP,UNSP,UNSP,unkn,UNSP,UNSP,UNSP,,3/22/1976 14:55,3.76428,359.6239517
USGS,12200500,325,5/17/1976 10:23,PDT,Yes,JKI,USGS,16.79,24200,Good,,,Unspecifed,MEAS,1,Imported Channel 1,UNSP,QSCMM,unkno,24200,610,7480,3.24,UNSP,UNSP,UNSP,unkn,UNSP,UNSP,UNSP,,5/17/1976 10:23,5.117592,685.2676875
USGS,12200500,326,7/14/1976 14:05,PDT,Yes,JKI,USGS,17.52,26200,Good,,,Unspecifed,MEAS,1,Imported Channel 1,UNSP,QSCMM,unkno,26200,612,7920,3.31,UNSP,UNSP,UNSP,unkn,UNSP,UNSP,UNSP,,7/14/1976 14:05,5.340096,741.9013807
USGS,12200500,327,9/21/1976 11:00,PDT,Yes,JKI,USGS,11.45,10400,Good,,,Unspecifed,MEAS,1,Imported Channel 1,UNSP,QSCMM,unkno,10400,595,4230,2.46,UNSP,UNSP,UNSP,unkn,UNSP,UNSP,UNSP,,9/21/1976 11:00,3.48996,294.4952046
USGS,12200500,328,11/15/1976 11:20,PST,Yes,JKI,USGS,9.51,6120,Good,,,Unspecifed,MEAS,1,Imported Channel 1,UNSP,QSCMM,unkno,6120,586,3190,1.92,UNSP,UNSP,UNSP,unkn,UNSP,UNSP,UNSP,,11/15/1976 11:20,2.898648,173.2991011
USGS,12200500,329,3/14/1977 11:00,PST,Yes,JKI,USGS,14.01,16400,Good,,,Unspecifed,MEAS,1,Imported Channel 1,UNSP,QSCMM,unkno,16400,604,5790,2.83,UNSP,UNSP,UNSP,unkn,UNSP,UNSP,UNSP,,3/14/1977 11:00,4.270248,464.3962841
USGS,12200500,330,5/17/1977 11:45,PDT,Yes,JKI,USGS,12.19,12700,Good,,,Unspecifed,MEAS,1,Imported Channel 1,UNSP,QSCMM,unkno,12700,600,,,UNSP,UNSP,UNSP,unkn,UNSP,UNSP,UNSP,,5/17/1977 11:45,3.715512,359.6239517
USGS,12200500,331,7/18/1977 12:05,PDT,Yes,JKI,USGS,12.09,12300,Good,,,Unspecifed,MEAS,1,Imported Channel 1,UNSP,QSCMM,unkno,12300,596,4790,2.57,UNSP,UNSP,UNSP,unkn,UNSP,UNSP,UNSP,,7/18/1977 12:05,3.685032,348.2972131
USGS,12200500,332,8/16/1977 11:25,PDT,Yes,JKI,USGS,11.1,10100,Good,,,Unspecifed,MEAS,1,Imported Channel 1,UNSP,QSCMM,unkno,10100,592,,,UNSP,UNSP,UNSP,unkn,UNSP,UNSP,UNSP,,8/16/1977 11:25,3.38328,286.0001506
USGS,12200500,333,9/20/1977 11:15,PDT,Yes,JKI,USGS,9.87,6980,Good,,,Unspecifed,MEAS,1,Imported Channel 1,UNSP,QSCMM,unkno,6980,591,,,UNSP,UNSP,UNSP,unkn,UNSP,UNSP,UNSP,,9/20/1977 11:15,3.008376,197.6515892
USGS,12200500,334,10/11/1977 16:30,PDT,Yes,REQ,USGS,8.78,4840,Good,,,Unspecifed,MEAS,1,Imported Channel 1,UNSP,QSCMM,unkno,4840,580,,,UNSP,UNSP,UNSP,unkn,UNSP,UNSP,UNSP,,10/11/1977 16:30,2.676144,137.0535375
USGS,12200500,335,12/7/1977,,Yes,JKI,USGS,17.82,27500,Good,,,Unspecifed,MEAS,1,Imported Channel 1,UNSP,QSCMM,unkno,27500,610,8110,3.39,UNSP,UNSP,UNSP,unkn,UNSP,UNSP,UNSP,,12/7/1977 0:00,5.431536,778.7132813
USGS,12200500,336,2/13/1978 12:00,PST,Yes,JKI,USGS,13.09,14300,Good,,,Unspecifed,MEAS,1,Imported Channel 1,UNSP,QSCMM,unkno,14300,598,5040,2.84,UNSP,UNSP,UNSP,unkn,UNSP,UNSP,UNSP,,2/13/1978 12:00,3.989832,404.9309063
USGS,12200500,337,4/17/1978 11:15,PST,Yes,JKI,USGS,11.04,9880,Good,,,Unspecifed,MEAS,1,Imported Channel 1,UNSP,QSCMM,unkno,9880,594,4100,2.41,UNSP,UNSP,UNSP,unkn,UNSP,UNSP,UNSP,,4/17/1978 11:15,3.364992,279.7704443
USGS,12200500,338,6/19/1978 11:25,PDT,Yes,JKI,USGS,13.3,15400,Good,,,Unspecifed,MEAS,1,Imported Channel 1,UNSP,QSCMM,unkno,15400,599,5410,2.85,UNSP,UNSP,UNSP,unkn,UNSP,UNSP,UNSP,,6/19/1978 11:25,4.05384,436.0794375
USGS,12200500,339,9/18/1978 12:45,PDT,Yes,JKI,USGS,12.64,13000,Good,,,Unspecifed,MEAS,1,Imported Channel 1,UNSP,QSCMM,unkno,13000,598,4830,2.69,UNSP,UNSP,UNSP,unkn,UNSP,UNSP,UNSP,,9/18/1978 12:45,3.852672,368.1190057
USGS,12200500,340,11/7/1978 11:13,PST,Yes,JKI,USGS,14.16,16900,Good,,,Unspecifed,MEAS,1,Imported Channel 1,UNSP,QSCMM,unkno,16900,604,5920,2.85,UNSP,UNSP,UNSP,unkn,UNSP,UNSP,UNSP,,11/7/1978 11:13,4.315968,478.5547074
USGS,12200500,341,2/20/1979 13:00,PST,Yes,JKI,USGS,12.37,12800,Good,,,Unspecifed,MEAS,1,Imported Channel 1,UNSP,QSCMM,unkno,12800,598,4870,2.63,UNSP,UNSP,UNSP,unkn,UNSP,UNSP,UNSP,,2/20/1979 13:00,3.770376,362.4556364
USGS,12200500,342,5/16/1979 13:30,PDT,Yes,JKI,USGS,13.6,16000,Good,,,Unspecifed,MEAS,1,Imported Channel 1,UNSP,QSCMM,unkno,16000,600,5530,2.89,UNSP,UNSP,UNSP,unkn,UNSP,UNSP,UNSP,,5/16/1979 13:30,4.14528,453.0695455
USGS,12200500,343,10/4/1979,,Yes,JKI,USGS,8.7,4970,Good,,,Unspecifed,MEAS,1,Imported Channel 1,UNSP,QSCMM,unkno,4970,553,2680,1.85,UNSP,UNSP,UNSP,unkn,UNSP,UNSP,UNSP,,10/4/1979 0:00,2.65176,140.7347276
USGS,12200500,344,1/23/1980 14:55,PST,Yes,JKI,USGS,13.63,15700,Good,,,Unspecifed,MEAS,1,Imported Channel 1,UNSP,QSCMM,unkno,15700,604,5370,2.92,UNSP,UNSP,UNSP,unkn,UNSP,UNSP,UNSP,,1/23/1980 14:55,4.154424,444.5744915
USGS,12200500,345,5/14/1980,,Yes,JKI,USGS,12.58,13100,Good,,,Unspecifed,MEAS,1,Imported Channel 1,UNSP,QSCMM,unkno,13100,594,4770,2.75,UNSP,UNSP,UNSP,unkn,UNSP,UNSP,UNSP,,5/14/1980 0:00,3.834384,370.9506904
USGS,12200500,346,7/30/1980,,Yes,JKI,USGS,11.62,10900,Good,,,Unspecifed,MEAS,1,Imported Channel 1,UNSP,QSCMM,unkno,10900,595,4130,2.64,UNSP,UNSP,UNSP,unkn,UNSP,UNSP,UNSP,,7/30/1980 0:00,3.541776,308.6536279
USGS,12200500,347,11/12/1980,,Yes,JKI,USGS,16.11,22400,Excellent,,,Unspecifed,MEAS,1,Imported Channel 1,UNSP,QSCMM,unkno,22400,606,6880,3.26,UNSP,UNSP,UNSP,unkn,UNSP,UNSP,UNSP,,11/12/1980 0:00,4.910328,634.2973637
USGS,12200500,348,2/27/1981,,Yes,JKI,USGS,14.31,16800,Excellent,,,Unspecifed,MEAS,1,Imported Channel 1,UNSP,QSCMM,unkno,16800,608,5460,3.08,UNSP,UNSP,UNSP,unkn,UNSP,UNSP,UNSP,,2/27/1981 0:00,4.361688,475.7230227
USGS,12200500,349,6/6/1981,,Yes,JKI,USGS,18.06,28900,Excellent,,,Unspecifed,MEAS,1,Imported Channel 1,UNSP,QSCMM,unkno,28900,608,8080,3.58,UNSP,UNSP,UNSP,unkn,UNSP,UNSP,UNSP,,6/6/1981 0:00,5.504688,818.3568665
USGS,12200500,350,8/28/1981,,Yes,JKI,USGS,10.27,7460,Excellent,,,Unspecifed,MEAS,1,Imported Channel 1,UNSP,QSCMM,unkno,7460,564,3240,2.3,UNSP,UNSP,UNSP,unkn,UNSP,UNSP,UNSP,,8/28/1981 0:00,3.130296,211.2436756
USGS,12200500,351,11/17/1981 12:30,PST,Yes,WVF,USGS,14.2,16700,Excellent,,,Unspecifed,MEAS,1,Imported Channel 1,UNSP,QSCMM,unkno,16700,613,5750,2.9,UNSP,UNSP,UNSP,unkn,UNSP,UNSP,UNSP,,11/17/1981 12:30,4.32816,472.8913381
USGS,12200500,352,1/12/1982 11:05,PST,Yes,JKI,USGS,11.57,10500,Good,,,Unspecifed,MEAS,1,Imported Channel 1,UNSP,QSCMM,unkno,10500,596,4110,2.55,UNSP,UNSP,UNSP,unkn,UNSP,UNSP,UNSP,,1/12/1982 11:05,3.526536,297.3268892
USGS,12200500,353,3/16/1982 12:55,PST,Yes,JKI,USGS,13.45,15400,Good,,,Unspecifed,MEAS,1,Imported Channel 1,UNSP,QSCMM,unkno,15400,600,,,UNSP,UNSP,UNSP,unkn,UNSP,UNSP,UNSP,,3/16/1982 12:55,4.09956,436.0794375
USGS,12200500,354,7/12/1982 11:15,PDT,Yes,JKI,USGS,18.34,29300,Excellent,,,Unspecifed,MEAS,1,Imported Channel 1,UNSP,QSCMM,unkno,29300,605,8430,3.48,UNSP,UNSP,UNSP,unkn,UNSP,UNSP,UNSP,,7/12/1982 11:15,5.590032,829.6836051
USGS,12200500,355,9/22/1982,,Yes,JDD,USGS,10.5,8500,Good,,,Unspecifed,MEAS,1,Imported Channel 1,UNSP,QSCMM,unkno,8500,573,3270,2.6,UNSP,UNSP,UNSP,unkn,UNSP,UNSP,UNSP,,9/22/1982 0:00,3.2004,240.693196
USGS,12200500,356,1/18/1983,,Yes,JDD,USGS,13.72,14800,Good,,,Unspecifed,MEAS,1,Imported Channel 1,UNSP,QSCMM,unkno,14800,607,5320,2.78,UNSP,UNSP,UNSP,unkn,UNSP,UNSP,UNSP,,1/18/1983 0:00,4.181856,419.0893296
USGS,12200500,357,5/5/1983 16:45,PDT,Yes,DR,USGS,12.84,13400,Good,,,Unspecifed,MEAS,1,Imported Channel 1,UNSP,QSCMM,unkno,13400,600,4760,2.82,UNSP,UNSP,UNSP,unkn,UNSP,UNSP,UNSP,,5/5/1983 16:45,3.913632,379.4457443
USGS,12200500,358,6/24/1983 16:40,PDT,Yes,DR,USGS,14.84,18300,Good,,,Unspecifed,MEAS,1,Imported Channel 1,UNSP,QSCMM,unkno,18300,609,5990,3.06,UNSP,UNSP,UNSP,unkn,UNSP,UNSP,UNSP,,6/24/1983 16:40,4.523232,518.1982926
USGS,12200500,359,9/27/1983,,Yes,JDD,USGS,10.35,7990,Good,0.02,1,,MEAS,1,Imported Channel 1,UNSP,other,,7990,,,,UNSP,UNSP,UNSP,unkn,UNSP,UNSP,UNSP,,9/27/1983 0:00,3.15468,226.2516043
USGS,12200500,360,1/26/1984,,Yes,REQ/OCH,USGS,20.85,35500,Good,-0.4,2,,MEAS,1,Imported Channel 1,UNSP,other,,35500,,,,UNSP,UNSP,UNSP,unkn,UNSP,UNSP,UNSP,,1/26/1984 0:00,6.35508,1005.248054
USGS,12200500,361,4/10/1984,,Yes,JDD,USGS,14.04,16900,Good,-0.06,1.1,,MEAS,1,Imported Channel 1,UNSP,other,,16900,,,,UNSP,UNSP,UNSP,unkn,UNSP,UNSP,UNSP,,4/10/1984 0:00,4.279392,478.5547074
USGS,12200500,362,5/9/1984,,Yes,RAS,USGS,12.76,14100,Good,0.15,1.3,,MEAS,1,Imported Channel 1,UNSP,other,,14100,,,,UNSP,UNSP,UNSP,unkn,UNSP,UNSP,UNSP,,5/9/1984 0:00,3.889248,399.2675369
USGS,12200500,363,7/11/1984,,Yes,JCT/RAS,USGS,14.85,19100,Good,0.1,1.3,,MEAS,1,Imported Channel 1,UNSP,other,,19100,,,,UNSP,UNSP,UNSP,unkn,UNSP,UNSP,UNSP,,7/11/1984 0:00,4.52628,540.8517699
USGS,12200500,364,9/18/1984,,Yes,JCT/RAS,USGS,10.13,7420,Good,-0.01,1,,MEAS,1,Imported Channel 1,UNSP,other,,7420,,,,UNSP,UNSP,UNSP,unkn,UNSP,UNSP,UNSP,,9/18/1984 0:00,3.087624,210.1110017
USGS,12200500,365,11/28/1984,,Yes,RAS/JCT,USGS,13.09,14200,Good,0.09,1.2,,MEAS,1,Imported Channel 1,UNSP,other,,14200,,,,UNSP,UNSP,UNSP,unkn,UNSP,UNSP,UNSP,,11/28/1984 0:00,3.989832,402.0992216
USGS,12200500,366,1/29/1985,,Yes,JCT/SB,USGS,11.78,11100,Good,0.06,1.2,,MEAS,1,Imported Channel 1,UNSP,other,,11100,,,,UNSP,UNSP,UNSP,unkn,UNSP,UNSP,UNSP,,1/29/1985 0:00,3.590544,314.3169972
USGS,12200500,367,5/15/1985,,Yes,JJJ/SNB,USGS,12.38,12500,Good,-0.23,1.8,,MEAS,1,Imported Channel 1,UNSP,other,,12500,,,,UNSP,UNSP,UNSP,unkn,UNSP,UNSP,UNSP,,5/15/1985 0:00,3.773424,353.9605824
USGS,12200500,368,7/17/1985,,Yes,SNB,USGS,13.37,14700,Fair,0.22,1.7,,MEAS,1,Imported Channel 1,UNSP,other,,14700,,,,UNSP,UNSP,UNSP,unkn,UNSP,UNSP,UNSP,,7/17/1985 0:00,4.075176,416.2576449
USGS,12200500,369,9/24/1985,,Yes,SNB/JJJ,USGS,9.62,6520,Fair,0.46,2.6,,MEAS,1,Imported Channel 1,UNSP,other,,6520,,,,UNSP,UNSP,UNSP,unkn,UNSP,UNSP,UNSP,,9/24/1985 0:00,2.932176,184.6258398
USGS,12200500,370,11/21/1985,,Yes,MCM/SNB,USGS,13.48,14800,Good,-0.12,1.7,,MEAS,1,Imported Channel 1,UNSP,other,,14800,,,,UNSP,UNSP,UNSP,unkn,UNSP,UNSP,UNSP,,11/21/1985 0:00,4.108704,419.0893296
USGS,12200500,371,1/7/1986,,Yes,SNB/MCM,USGS,11.95,11500,Fair,0.14,3.2,,MEAS,1,Imported Channel 1,UNSP,other,,11500,,,,UNSP,UNSP,UNSP,unkn,UNSP,UNSP,UNSP,,1/7/1986 0:00,3.64236,325.6437358
USGS,12200500,372,3/26/1986,,Yes,MCM/SNB,USGS,14.37,17400,Good,-0.15,1.7,,MEAS,1,Imported Channel 1,UNSP,other,,17400,,,,UNSP,UNSP,UNSP,unkn,UNSP,UNSP,UNSP,,3/26/1986 0:00,4.379976,492.7131307
USGS,12200500,374,7/25/1986,,Yes,JLJ/SNB,USGS,11.57,10200,Fair,-0.08,1.3,,MEAS,1,Imported Channel 1,UNSP,other,,10200,,,,UNSP,UNSP,UNSP,unkn,UNSP,UNSP,UNSP,,7/25/1986 0:00,3.526536,288.8318352
USGS,12200500,375,10/9/1986,,Yes,SNB,USGS,8.97,5400,Good,0.21,2,Clear,MEAS,1,Imported Channel 1,CWAY,unspe,unkno,5400,561,2760,1.96,UNSP,UNSP,UNSP,unkn,UNSP,UNSP,UNSP,,10/9/1986 0:00,2.734056,152.9109716
USGS,12200500,376,12/30/1986,,Yes,SNB,USGS,17.18,25800,Good,-0.42,2.3,,MEAS,1,Imported Channel 1,CWAY,unspe,unkno,25800,612,7470,3.45,UNSP,UNSP,UNSP,unkn,UNSP,UNSP,UNSP,,12/30/1986 0:00,5.236464,730.5746421
USGS,12200500,377,3/26/1987,,Yes,SNB,USGS,12.89,14300,Good,0.1,1.9,,MEAS,1,Imported Channel 1,CWAY,unspe,unkno,14300,600,4950,2.89,UNSP,UNSP,UNSP,unkn,UNSP,UNSP,UNSP,,3/26/1987 0:00,3.928872,404.9309063
USGS,12200500,378,5/8/1987,,Yes,MCM/SNB,USGS,18.34,30200,Good,0.14,1.5,DebrisLight,MEAS,1,Imported Channel 1,CWAY,unspe,unkno,30200,614,8250,3.66,UNSP,UNSP,UNSP,unkn,UNSP,UNSP,UNSP,,5/8/1987 0:00,5.590032,855.1687671
USGS,12200500,379,7/7/1987,,Yes,ROO/MCM,USGS,13.78,16900,Fair,-0.05,1.5,Clear,MEAS,1,Imported Channel 1,CRAN,unspe,unkno,16900,675,5490,3.08,UNSP,UNSP,UNSP,unkn,UNSP,UNSP,UNSP,,7/7/1987 0:00,4.200144,478.5547074
USGS,12200500,380,9/9/1987,,Yes,MCM/SNB,USGS,9.57,6880,Good,0.09,1.3,Clear,MEAS,1,Imported Channel 1,CWAY,unspe,unkno,6880,568,3050,2.26,UNSP,UNSP,UNSP,unkn,UNSP,UNSP,UNSP,,9/9/1987 0:00,2.916936,194.8199046
USGS,12200500,381,2/16/1988,,Yes,DR,USGS,13.16,15700,Good,0.04,1.3,,MEAS,1,Imported Channel 1,CWAY,unspe,unkno,15700,595,5030,3.12,UNSP,UNSP,UNSP,unkn,UNSP,UNSP,UNSP,,2/16/1988 0:00,4.011168,444.5744915
USGS,12200500,382,6/9/1988 12:15,PDT,Yes,DR,USGS,13.58,16300,Good,0.06,1.8,Clear,MEAS,1,Imported Channel 1,CWAY,unspe,unkno,16300,590,5230,3.12,UNSP,UNSP,UNSP,unkn,UNSP,UNSP,UNSP,,6/9/1988 12:15,4.139184,461.5645994
USGS,12200500,383,11/18/1988 12:00,PST,Yes,JED,USGS,14.29,17100,Good,-0.15,1.3,Clear,MEAS,1,Imported Channel 1,CWAY,unspe,unkno,17100,692,5730,2.98,UNSP,UNSP,UNSP,unkn,UNSP,UNSP,UNSP,,11/18/1988 12:00,4.355592,484.2180767
USGS,12200500,384,2/28/1989,,Yes,BSP,USGS,12.04,12500,Good,0.4,1.3,DebrisHeavy,MEAS,1,Imported Channel 1,CWAY,unspe,unkno,12500,582,4340,2.88,UNSP,UNSP,UNSP,unkn,UNSP,UNSP,UNSP,,2/28/1989 0:00,3.669792,353.9605824
USGS,12200500,385,3/13/1989 11:00,PST,Yes,BP,USGS,13.36,14800,Good,-0.03,1.3,Clear,MEAS,1,Imported Channel 1,CWAY,unspe,unkno,14800,586,5040,2.94,UNSP,UNSP,UNSP,unkn,UNSP,UNSP,UNSP,,3/13/1989 11:00,4.072128,419.0893296
USGS,12200500,386,6/12/1989,,Yes,BSP,USGS,16.83,24100,Good,0.1,1.3,Clear,MEAS,1,Imported Channel 1,CWAY,unspe,unkno,24100,608,7050,3.42,UNSP,UNSP,UNSP,unkn,UNSP,UNSP,UNSP,,6/12/1989 0:00,5.129784,682.4360029
USGS,12200500,387,11/14/1989 11:00,PST,Yes,BP,USGS,19.27,30500,Good,-0.08,1.3,Clear,MEAS,1,Imported Channel 1,CWAY,unspe,unkno,30500,613,8270,3.68,UNSP,UNSP,UNSP,unkn,UNSP,UNSP,UNSP,,11/14/1989 11:00,5.873496,863.6638211
USGS,12200500,388,12/5/1989 12:28,PST,Yes,ROO/JB,USGS,32.28,103000,Good,0.16,1,,MEAS,1,Imported Channel 1,CWAY,unspe,unkno,103000,703,16400,6.28,UNSP,UNSP,UNSP,unkn,UNSP,UNSP,UNSP,,12/5/1989 12:28,9.838944,2916.635199
USGS,12200500,389,2/6/1990 11:20,PST,Yes,BSP,USGS,14.87,19300,Good,-0.12,1.3,Clear,MEAS,1,Imported Channel 1,CWAY,unspe,unkno,19300,595,5790,3.33,UNSP,UNSP,UNSP,unkn,UNSP,UNSP,UNSP,,2/6/1990 11:20,4.532376,546.5151392
USGS,12200500,390,4/18/1990 11:15,PDT,Yes,ROO,USGS,16.71,24300,Good,-0.06,1.3,Clear,MEAS,1,Imported Channel 1,CWAY,unspe,unkno,24300,600,7320,3.24,UNSP,UNSP,UNSP,unkn,UNSP,UNSP,UNSP,,4/18/1990 11:15,5.093208,688.0993722
USGS,12200500,391,7/16/1990 14:27,PDT,Yes,JCT/WPB,USGS,17.29,25800,Good,-0.02,1.5,DebrisLight,MEAS,1,Imported Channel 1,CWAY,unspe,unkno,25800,602,7160,3.6,UNSP,UNSP,UNSP,unkn,UNSP,UNSP,UNSP,,7/16/1990 14:27,5.269992,730.5746421
USGS,12200500,392,9/21/1990 9:07,PDT,Yes,JCT,USGS,10.02,7400,Good,-0.01,1.5,Clear,MEAS,1,Imported Channel 1,CWAY,unspe,unkno,7400,567,3240,2.28,UNSP,UNSP,UNSP,unkn,UNSP,UNSP,UNSP,,9/21/1990 9:07,3.054096,209.5446648
USGS,12200500,393,11/17/1990 8:55,PST,Yes,JCT/KBO,USGS,22.28,43800,Good,0.01,1.8,DebrisLight,MEAS,1,Imported Channel 1,CRAN,unspe,unkno,43800,632,9720,4.51,UNSP,UNSP,UNSP,unkn,UNSP,UNSP,UNSP,,11/17/1990 8:55,6.790944,1240.277881
USGS,12200500,394,11/25/1990 15:04,PST,Yes,KBO/DTS,USGS,36.91,141000,Good,-0.26,1.4,DebrisLight,MEAS,1,Imported Channel 1,CRAN,unspe,unkno,141000,700,20000,7.08,UNSP,UNSP,UNSP,unkn,UNSP,UNSP,UNSP,,11/25/1990 15:04,11.250168,3992.675369
USGS,12200500,395,2/21/1991 14:51,PST,Yes,JCT,USGS,20.16,37100,Fair,-0.12,1.3,DebrisLight,MEAS,1,Imported Channel 1,CRAN,unspe,unkno,37100,627,8750,4.24,UNSP,UNSP,UNSP,unkn,UNSP,UNSP,UNSP,,2/21/1991 14:51,6.144768,1050.555009
USGS,12200500,396,4/23/1991 10:45,PDT,Yes,BSP/TEM,USGS,15.91,22800,Good,-0.11,1.2,DebrisLight,MEAS,1,Imported Channel 1,CWAY,unspe,unkno,22800,599,6860,3.32,UNSP,UNSP,UNSP,unkn,UNSP,UNSP,UNSP,,4/23/1991 10:45,4.849368,645.6241023
USGS,12200500,397,6/21/1991 10:13,PDT,Yes,JCT/RDF,USGS,16.4,19700,Poor,0.02,1.6,DebrisLight,MEAS,1,Imported Channel 1,CWAY,unspe,unkno,19700,605,7300,2.7,UNSP,UNSP,UNSP,unkn,UNSP,UNSP,UNSP,,6/21/1991 10:13,4.99872,557.8418779
USGS,12200500,398,8/13/1991 16:05,PDT,Yes,JCT,USGS,13.61,16200,Good,0.19,1.4,DebrisLight,MEAS,1,Imported Channel 1,CWAY,unspe,unkno,16200,590,5510,2.94,UNSP,UNSP,UNSP,unkn,UNSP,UNSP,UNSP,,8/13/1991 16:05,4.148328,458.7329148
USGS,12200500,399,10/23/1991 13:22,PDT,Yes,MKB/JCT,USGS,9.28,5590,Good,0.03,1.3,DebrisModerate,MEAS,1,Imported Channel 1,CWAY,unspe,unkno,5590,570,2980,1.88,UNSP,UNSP,UNSP,unkn,UNSP,UNSP,UNSP,,10/23/1991 13:22,2.828544,158.2911724
USGS,12200500,400,12/16/1991 13:15,PST,Yes,MKB,USGS,13.96,16700,Good,-0.14,1.9,Clear,MEAS,1,Imported Channel 1,CWAY,unspe,unkno,16700,590,5760,2.9,UNSP,UNSP,UNSP,unkn,UNSP,UNSP,UNSP,,12/16/1991 13:15,4.255008,472.8913381
USGS,12200500,401,2/20/1992 11:30,PST,Yes,MKB,USGS,14.02,16600,Good,-0.03,1.3,Clear,MEAS,1,Imported Channel 1,CWAY,unspe,unkno,16600,597,5730,2.9,UNSP,UNSP,UNSP,unkn,UNSP,UNSP,UNSP,,2/20/1992 11:30,4.273296,470.0596534
USGS,12200500,402,4/8/1992 12:00,PDT,Yes,MKB,USGS,11.36,10200,Good,-0.19,1.4,Clear,MEAS,1,Imported Channel 1,CWAY,unspe,unkno,10200,585,4020,2.54,UNSP,UNSP,UNSP,unkn,UNSP,UNSP,UNSP,,4/8/1992 12:00,3.462528,288.8318352
USGS,12200500,403,6/23/1992 8:50,PDT,Yes,MKB,USGS,13.11,14700,Good,0.1,1.3,Clear,MEAS,1,Imported Channel 1,CWAY,unspe,unkno,14700,590,5230,2.81,UNSP,UNSP,UNSP,unkn,UNSP,UNSP,UNSP,,6/23/1992 8:50,3.995928,416.2576449
USGS,12200500,404,10/7/1992 11:30,PDT,Yes,MKB,USGS,9.58,6570,Fair,-0.16,1.8,DebrisLight,MEAS,1,Imported Channel 1,CWAY,unspe,unkno,6570,573,3190,2.06,UNSP,UNSP,UNSP,unkn,UNSP,UNSP,UNSP,,10/7/1992 11:30,2.919984,186.0416821
USGS,12200500,405,2/9/1993 10:45,PST,Yes,MKB,USGS,12.12,11800,Good,-0.03,1.4,Clear,MEAS,1,Imported Channel 1,CWAY,unspe,unkno,11800,584,4460,2.65,UNSP,UNSP,UNSP,unkn,UNSP,UNSP,UNSP,,2/9/1993 10:45,3.694176,334.1387898
USGS,12200500,406,4/9/1993 8:30,PDT,Yes,MKB,USGS,11.95,11700,Good,0.14,1.5,Clear,UNSP,1,Imported Channel 1,CWAY,unspe,unkno,11700,584,4540,2.57,UNSP,UNSP,UNSP,unkn,UNSP,UNSP,UNSP,,4/9/1993 8:30,3.64236,331.3071051
USGS,12200500,407,8/5/1993 8:55,PDT,Yes,MKB,USGS,12.04,11100,Good,-0.16,1.2,Clear,MEAS,1,Imported Channel 1,CWAY,unspe,unkno,11100,580,4460,2.49,UNSP,UNSP,UNSP,unkn,UNSP,UNSP,UNSP,,8/5/1993 8:55,3.669792,314.3169972
USGS,12200500,408,10/13/1993 9:55,PDT,Yes,MKB,USGS,8.98,5210,Good,-0.03,1.3,Clear,MEAS,1,Imported Channel 1,CWAY,unspe,unkno,5210,555,2670,1.95,UNSP,UNSP,UNSP,unkn,UNSP,UNSP,UNSP,,10/13/1993 9:55,2.737104,147.5307707
USGS,12200500,409,12/9/1993 9:54,PST,Yes,MKB,USGS,13,14100,Good,0.01,1.6,Clear,MEAS,1,Imported Channel 1,CWAY,unspe,unkno,14100,585,5060,2.79,UNSP,UNSP,UNSP,unkn,UNSP,UNSP,UNSP,,12/9/1993 9:54,3.9624,399.2675369
USGS,12200500,410,2/25/1994 11:00,PST,Yes,MKB,USGS,12.77,12800,Good,-0.04,1.3,Clear,MEAS,1,Imported Channel 1,CWAY,unspe,unkno,12800,580,4460,2.87,UNSP,UNSP,UNSP,unkn,UNSP,UNSP,UNSP,,2/25/1994 11:00,3.892296,362.4556364
USGS,12200500,411,4/14/1994 9:35,PDT,Yes,mkb,USGS,13.54,14800,Good,0.09,1.4,Clear,MEAS,1,Imported Channel 1,CWAY,unspe,unkno,14800,585,5270,2.81,UNSP,UNSP,UNSP,unkn,UNSP,UNSP,UNSP,,4/14/1994 9:35,4.126992,419.0893296
USGS,12200500,412,7/1/1994 9:15,PDT,Yes,MKB,USGS,13.61,14700,Good,-0.01,1.5,Clear,MEAS,1,Imported Channel 1,CWAY,unspe,unkno,14700,590,5130,2.87,UNSP,UNSP,UNSP,unkn,UNSP,UNSP,UNSP,,7/1/1994 9:15,4.148328,416.2576449
USGS,12200500,413,8/24/1994 7:40,PDT,Yes,MKB/AMS,USGS,9.95,6460,Good,0.02,1.7,DebrisLight,MEAS,1,Imported Channel 1,CWAY,unspe,unkno,6460,565,3060,2.11,UNSP,UNSP,UNSP,unkn,UNSP,UNSP,UNSP,,8/24/1994 7:40,3.03276,182.926829
USGS,12200500,414,10/18/1994 10:45,PDT,Yes,MKB,USGS,8.83,4540,Good,0,1.2,DebrisLight,MEAS,1,Imported Channel 1,CWAY,unspe,unkno,4540,550,2260,2.01,UNSP,UNSP,UNSP,unkn,UNSP,UNSP,UNSP,,10/18/1994 10:45,2.691384,128.5584835
USGS,12200500,415,12/14/1994 11:00,PST,Yes,mkb,USGS,11.84,10600,Good,0,1.3,Clear,MEAS,1,Imported Channel 1,CWAY,unspe,unkno,10600,580,4200,2.52,UNSP,UNSP,UNSP,unkn,UNSP,UNSP,UNSP,,12/14/1994 11:00,3.608832,300.1585739
USGS,12200500,416,1/24/1995 14:45,PST,Yes,TEM/JCT,USGS,13.82,15500,Good,-0.06,0.5,Clear,MEAS,1,Imported Channel 1,BOAT,unspe,unkno,15500,564,,0,UNSP,UNSP,UNSP,unkn,UNSP,UNSP,UNSP,,1/24/1995 14:45,4.212336,438.9111222
USGS,12200500,417,5/26/1995 8:48,PDT,Yes,JCT,USGS,16.14,20800,Good,0.08,1.5,DebrisLight,MEAS,1,Imported Channel 1,CWAY,unspe,unkno,20800,595,6460,3.22,UNSP,UNSP,UNSP,unkn,UNSP,UNSP,UNSP,,5/26/1995 8:48,4.919472,588.9904091
USGS,12200500,418,7/7/1995 8:45,PDT,Yes,JCT,USGS,13.83,15200,Good,0.08,1.3,DebrisLight,MEAS,1,Imported Channel 1,CWAY,unspe,unkno,15200,585,5440,2.79,UNSP,UNSP,UNSP,unkn,UNSP,UNSP,UNSP,,7/7/1995 8:45,4.215384,430.4160682
USGS,12200500,419,9/20/1995 9:06,PDT,Yes,JCT,USGS,11.28,8640,Good,-0.01,1.3,DebrisLight,MEAS,1,Imported Channel 1,CWAY,unspe,unkno,8640,575,3480,2.48,UNSP,UNSP,UNSP,unkn,UNSP,UNSP,UNSP,,9/20/1995 9:06,3.438144,244.6575546
USGS,12200500,420,11/30/1995 8:10,PST,Yes,KEF/JCT,USGS,37.03,134000,Good,0.2,1.2,DebrisModerate,MEAS,1,Imported Channel 1,CRAN,unspe,unkno,134000,713,20000,6.7,UNSP,UNSP,UNSP,unkn,UNSP,UNSP,UNSP,,11/30/1995 8:10,11.286744,3794.457443
USGS,12200500,421,11/30/1995 10:50,PST,Yes,DTS/JCT,USGS,37.32,141000,Good,0.05,1.1,DebrisModerate,MEAS,1,Imported Channel 1,CRAN,unspe,unkno,141000,713,20200,6.98,UNSP,UNSP,UNSP,unkn,UNSP,UNSP,UNSP,,11/30/1995 10:50,11.375136,3992.675369
USGS,12200500,422,11/30/1995 15:21,PST,Yes,KEF/JCT,USGS,37.12,137000,Good,-0.13,1,DebrisModerate,MEAS,1,Imported Channel 1,CRAN,unspe,unkno,137000,713,20100,6.82,UNSP,UNSP,UNSP,unkn,UNSP,UNSP,UNSP,,11/30/1995 15:21,11.314176,3879.407983
USGS,12200500,423,12/1/1995 7:45,PST,Yes,KEF/JCT,USGS,32.54,98000,Good,-0.08,1,DebrisLight,MEAS,1,Imported Channel 1,CRAN,unspe,unkno,98000,700,16900,5.88,UNSP,UNSP,UNSP,unkn,UNSP,UNSP,UNSP,,12/1/1995 7:45,9.918192,2775.050966
USGS,12200500,424,1/19/1996 11:00,PST,Yes,JCT,USGS,16.86,23500,Good,-0.07,1.2,DebrisLight,MEAS,1,Imported Channel 1,CWAY,unspe,unkno,23500,590,6970,3.37,UNSP,UNSP,UNSP,unkn,UNSP,UNSP,UNSP,,1/19/1996 11:00,5.138928,665.4458949
USGS,12200500,425,2/9/1996 12:10,PST,Yes,JCT/BZ,USGS,29.13,78000,Good,0.2,1,DebrisLight,MEAS,1,Imported Channel 1,CWAY,unspe,unkno,78000,643,14400,5.43,UNSP,UNSP,UNSP,unkn,UNSP,UNSP,UNSP,,2/9/1996 12:10,8.878824,2208.714034
USGS,12200500,426,2/12/1996 11:18,PST,Yes,JCT,USGS,17.43,26200,Good,-0.26,1.3,Clear,MEAS,1,Imported Channel 1,CWAY,unspe,unkno,26200,597,7390,3.55,UNSP,UNSP,UNSP,unkn,UNSP,UNSP,UNSP,,2/12/1996 11:18,5.312664,741.9013807
USGS,12200500,427,3/20/1996 9:22,PST,Yes,JCT,USGS,14.24,16700,Good,-0.02,1.3,Clear,MEAS,1,Imported Channel 1,CWAY,unspe,unkno,16700,592,5530,3.02,UNSP,UNSP,UNSP,unkn,UNSP,UNSP,UNSP,,3/20/1996 9:22,4.340352,472.8913381
USGS,12200500,428,6/19/1996 14:00,PDT,Yes,SGW/JCT,USGS,14.08,15400,Good,-0.16,1.8,Clear,MEAS,1,Imported Channel 1,CWAY,unspe,unkno,15400,590,5370,2.87,UNSP,UNSP,UNSP,unkn,UNSP,UNSP,UNSP,,6/19/1996 14:00,4.291584,436.0794375
USGS,12200500,429,9/26/1996 8:30,PDT,Yes,SGW,USGS,10.38,6910,Good,-0.03,1.5,DebrisModerate,MEAS,1,Imported Channel 1,CWAY,unspe,unkno,6910,560,3130,2.21,UNSP,UNSP,UNSP,unkn,UNSP,UNSP,UNSP,,9/26/1996 8:30,3.163824,195.66941
USGS,12200500,430,12/19/1996 8:35,PST,Yes,SGW,USGS,13.52,14400,Good,0.03,1.6,DebrisLight,MEAS,1,Imported Channel 1,CWAY,unspe,unkno,14400,585,5160,2.79,UNSP,UNSP,UNSP,unkn,UNSP,UNSP,UNSP,,12/19/1996 8:35,4.120896,407.7625909
USGS,12200500,431,3/6/1997 8:25,PST,Yes,SGW,USGS,14.85,17700,Good,0.03,1.5,DebrisLight,MEAS,1,Imported Channel 1,CWAY,unspe,unkno,17700,592,5860,3.02,UNSP,UNSP,UNSP,unkn,UNSP,UNSP,UNSP,,3/6/1997 8:25,4.52628,501.2081847
USGS,12200500,432,5/1/1997 13:47,PDT,Yes,JED/SGW,USGS,18.43,27900,Good,-0.06,1.9,Clear,MEAS,1,Imported Channel 1,CWAY,unspe,unkno,27900,604,8020,3.48,UNSP,UNSP,UNSP,unkn,UNSP,UNSP,UNSP,,5/1/1997 13:47,5.617464,790.0400199
USGS,12200500,433,7/25/1997 11:12,PDT,Yes,SGW,USGS,16.46,21400,Good,0.01,1.5,Clear,MEAS,1,Imported Channel 1,CWAY,unspe,unkno,21400,600,6800,3.15,UNSP,UNSP,UNSP,unkn,UNSP,UNSP,UNSP,,7/25/1997 11:12,5.017008,605.9805171
USGS,12200500,434,10/14/1997 12:55,PDT,Yes,JED,USGS,14.55,16600,Good,-0.03,1.2,Clear,MEAS,1,Imported Channel 1,CWAY,unspe,unkno,16600,595,5750,2.89,UNSP,UNSP,UNSP,unkn,UNSP,UNSP,UNSP,,10/14/1997 12:55,4.43484,470.0596534
USGS,12200500,435,12/8/1997 11:30,PST,Yes,SGW,USGS,12.22,10800,Good,0.03,1.2,Clear,MEAS,1,Imported Channel 1,CWAY,unspe,unkno,10800,582,4290,2.51,UNSP,UNSP,UNSP,unkn,UNSP,UNSP,UNSP,,12/8/1997 11:30,3.724656,305.8219432
USGS,12200500,436,5/19/1998 10:15,PDT,Yes,SGW,USGS,12.64,11300,Good,-0.07,1.3,Clear,MEAS,1,Imported Channel 1,CWAY,unspe,unkno,11300,585,4520,2.5,UNSP,UNSP,UNSP,unkn,UNSP,UNSP,UNSP,,5/19/1998 10:15,3.852672,319.9803665
USGS,12200500,437,8/13/1998 16:20,PDT,Yes,SGW,USGS,12.42,10800,Good,-0.12,1.5,Clear,MEAS,1,Imported Channel 1,CWAY,unspe,unkno,10800,580,4290,2.52,UNSP,UNSP,UNSP,unkn,UNSP,UNSP,UNSP,,8/13/1998 16:20,3.785616,305.8219432
USGS,12200500,438,9/21/1998 9:20,PDT,Yes,SGW,USGS,9.36,4450,Good,-0.03,1.5,Clear,MEAS,1,Imported Channel 1,CWAY,unspe,unkno,4450,557,2340,1.9,UNSP,UNSP,UNSP,unkn,UNSP,UNSP,UNSP,,9/21/1998 9:20,2.852928,126.0099673
USGS,12200500,439,10/20/1998 10:30,PDT,Yes,SGW,USGS,10.67,7200,Good,0,1.5,Clear,MEAS,1,Imported Channel 1,CWAY,unspe,unkno,7200,570,3180,2.26,UNSP,UNSP,UNSP,unkn,UNSP,UNSP,UNSP,,10/20/1998 10:30,3.252216,203.8812955
USGS,12200500,440,12/16/1998 10:28,PST,Yes,SGW,USGS,17.87,25300,Good,-0.13,1.5,Clear,MEAS,1,Imported Channel 1,CWAY,unspe,unkno,25300,595,7620,3.32,UNSP,UNSP,UNSP,unkn,UNSP,UNSP,UNSP,,12/16/1998 10:28,5.446776,716.4162188
USGS,12200500,441,3/9/1999 13:07,PST,Yes,SGW,USGS,14.76,16500,Good,-0.05,1.3,Clear,MEAS,1,Imported Channel 1,CWAY,unspe,unkno,16500,585,5400,3.06,UNSP,UNSP,UNSP,unkn,UNSP,UNSP,UNSP,,3/9/1999 13:07,4.498848,467.2279688
USGS,12200500,442,4/20/1999 17:30,PDT,Yes,RW,USGS,15.61,18700,Good,0.04,1,Clear,UNSP,1,Imported Channel 1,BOAT,unspe,unkno,18700,,,0,UNSP,UNSP,UNSP,unkn,UNSP,UNSP,UNSP,,4/20/1999 17:30,4.757928,529.5250313
USGS,12200500,443,4/21/1999 10:42,PDT,Yes,RW,USGS,15.34,18400,Good,-0.13,3,Clear,MEAS,1,Imported Channel 1,BOAT,unspe,unkno,18400,,,0,UNSP,UNSP,UNSP,unkn,UNSP,UNSP,UNSP,,4/21/1999 10:42,4.675632,521.0299773
USGS,12200500,444,4/21/1999 15:30,PDT,Yes,KRS,USGS,15.14,18600,Fair,0.09,2.1,Clear,MEAS,1,Imported Channel 1,CWAY,unspe,unkno,18600,595,5890,3.16,UNSP,UNSP,UNSP,unkn,UNSP,UNSP,UNSP,,4/21/1999 15:30,4.614672,526.6933466
USGS,12200500,445,4/22/1999 10:42,PDT,Yes,RW,USGS,13.86,14200,Good,-0.09,1,Clear,MEAS,1,Imported Channel 1,BOAT,unspe,unkno,14200,,,0,UNSP,UNSP,UNSP,unkn,UNSP,UNSP,UNSP,,4/22/1999 10:42,4.224528,402.0992216
USGS,12200500,446,6/17/1999 13:00,PDT,Yes,SGW,USGS,21.35,37500,Good,-0.1,1.8,Clear,MEAS,1,Imported Channel 1,CWAY,unspe,unkno,37500,602,9670,3.88,UNSP,UNSP,UNSP,unkn,UNSP,UNSP,UNSP,,6/17/1999 13:00,6.50748,1061.881747
USGS,12200500,447,9/17/1999 12:50,PDT,Yes,SGW,USGS,11.17,7530,Good,0.01,1.4,Clear,MEAS,1,Imported Channel 1,CWAY,unspe,unkno,7530,565,3050,2.47,UNSP,UNSP,UNSP,unkn,UNSP,UNSP,UNSP,,9/17/1999 12:50,3.404616,213.2258548
USGS,12200500,448,11/4/1999 13:35,PST,Yes,SGW,USGS,14.75,16400,Good,0.1,1.4,Clear,MEAS,1,Imported Channel 1,CWAY,unspe,unkno,16400,585,5200,3.15,UNSP,UNSP,UNSP,unkn,UNSP,UNSP,UNSP,,11/4/1999 13:35,4.4958,464.3962841
USGS,12200500,449,12/16/1999 9:45,PST,Yes,SGW,USGS,25.03,53700,Good,-0.05,1.6,Clear,MEAS,1,Imported Channel 1,CWAY,unspe,unkno,53700,610,11700,4.59,UNSP,UNSP,UNSP,unkn,UNSP,UNSP,UNSP,,12/16/1999 9:45,7.629144,1520.614662
USGS,12200500,450,5/17/2000 10:30,PDT,Yes,SGW,USGS,15.52,18900,Good,0,1.8,Clear,MEAS,1,Imported Channel 1,CWAY,unspe,unkno,18900,593,6240,3.03,UNSP,UNSP,UNSP,unkn,UNSP,UNSP,UNSP,,5/17/2000 10:30,4.730496,535.1884006
USGS,12200500,451,8/21/2000 12:55,PDT,Yes,SGW,USGS,11.93,9420,Good,0.01,1.5,Clear,MEAS,1,Imported Channel 1,CWAY,unspe,unkno,9420,575,3790,2.49,UNSP,UNSP,UNSP,unkn,UNSP,UNSP,UNSP,,8/21/2000 12:55,3.636264,266.7446949
USGS,12200500,452,10/19/2000 11:35,PDT,Yes,SGW,USGS,14.07,15200,Good,-0.06,1.3,Clear,MEAS,1,Imported Channel 1,CWAY,unspe,unkno,15200,585,5180,2.93,UNSP,UNSP,UNSP,unkn,UNSP,UNSP,UNSP,,10/19/2000 11:35,4.288536,430.4160682
USGS,12200500,453,1/24/2001 12:40,PST,Yes,SGW,USGS,11.3,8820,Good,-0.02,1.2,Clear,MEAS,1,Imported Channel 1,CWAY,unspe,unkno,8820,573,3660,2.41,UNSP,UNSP,UNSP,unkn,UNSP,UNSP,UNSP,,1/24/2001 12:40,3.44424,249.7545869
USGS,12200500,454,4/9/2001 10:40,PDT,Yes,SGW,USGS,10.5,7030,Good,-0.04,1.5,Clear,MEAS,1,Imported Channel 1,CWAY,unspe,unkno,7030,570,3090,2.28,UNSP,UNSP,UNSP,unkn,UNSP,UNSP,UNSP,,4/9/2001 10:40,3.2004,199.0674315
USGS,12200500,455,6/27/2001 11:15,PDT,Yes,SGW/JED,USGS,12.24,10500,Good,,,Clear,MEAS,1,Imported Channel 1,BOAT,unspe,unkno,10500,529,4100,2.56,UNSP,UNSP,UNSP,unkn,UNSP,UNSP,UNSP,,6/27/2001 11:15,3.730752,297.3268892
USGS,12200500,456,10/30/2001 8:37,PST,Yes,SGW,USGS,13.73,15300,Good,-0.02,1.4,Clear,MEAS,1,Imported Channel 1,CWAY,unspe,unkno,15300,590,5310,2.88,UNSP,UNSP,UNSP,unkn,UNSP,UNSP,UNSP,,10/30/2001 8:37,4.184904,433.2477529
USGS,12200500,457,11/15/2001 10:10,PST,Yes,SGW,USGS,27.55,70300,Good,0.19,1.5,Clear,MEAS,1,Imported Channel 1,CWAY,unspe,unkno,70300,620,13700,5.13,UNSP,UNSP,UNSP,unkn,UNSP,UNSP,UNSP,,11/15/2001 10:10,8.39724,1990.674315
USGS,12200500,458,1/15/2002 11:37,PST,Yes,SGW,USGS,16.41,22800,Good,-0.03,1.5,Clear,MEAS,1,Imported Channel 1,CWAY,unspe,unkno,22800,595,6710,3.4,UNSP,UNSP,UNSP,unkn,UNSP,UNSP,UNSP,,1/15/2002 11:37,5.001768,645.6241023
USGS,12200500,459,5/20/2002 12:27,PDT,Yes,CAC/SGW,USGS,16,21700,Good,0.15,0.5,Clear,MEAS,1,Imported Channel 1,UNSP,QADCP,VADCP,21700,595,6750,3.1,UNSP,UNSP,UNSP,unkn,UNSP,UNSP,UNSP,,5/20/2002 12:27,4.8768,614.475571
USGS,12200500,460,6/26/2002 15:33,PDT,Yes,JED/CAC,USGS,20.32,34200,Good,0,0.3,Clear,MEAS,1,Imported Channel 1,UNSP,QADCP,VADCP,34200,614,9720,3.31,UNSP,UNSP,UNSP,unkn,UNSP,UNSP,UNSP,,6/26/2002 15:33,6.193536,968.4361534
USGS,12200500,461,7/29/2002 15:43,PDT,Yes,JED/CAC,USGS,15.79,20600,Good,0.03,0.5,Clear,MEAS,1,Imported Channel 1,UNSP,QADCP,VADCP,20600,603,6900,2.82,UNSP,UNSP,UNSP,unkn,UNSP,UNSP,UNSP,,7/29/2002 15:43,4.812792,583.3270398
USGS,12200500,462,10/8/2002 12:30,PDT,Yes,JED,USGS,8.92,4700,Good,0,1.1,Clear,MEAS,1,Imported Channel 1,CWAY,unspe,unkno,4700,557,2320,2.03,UNSP,UNSP,UNSP,unkn,UNSP,UNSP,UNSP,,10/8/2002 12:30,2.718816,133.089179
USGS,12200500,463,1/7/2003 14:47,PST,Yes,DAM,USGS,13.62,15700,Fair,-0.41,1,Clear,MEAS,1,Imported Channel 1,CWAY,unspe,unkno,15700,587,5330,2.94,UNSP,UNSP,UNSP,unkn,UNSP,UNSP,UNSP,,1/7/2003 14:47,4.151376,444.5744915
USGS,12200500,464,1/9/2003 10:06,PST,Yes,DAM,USGS,13.52,15000,Fair,-0.08,1.2,Clear,MEAS,1,Imported Channel 1,CWAY,unspe,unkno,15000,590,5100,2.95,UNSP,UNSP,UNSP,unkn,UNSP,UNSP,UNSP,,1/9/2003 10:06,4.120896,424.7526989
USGS,12200500,465,1/27/2003 16:23,PST,Yes,DAM/CC,USGS,24.24,47700,Good,-0.11,,DebrisHeavy,MEAS,1,Imported Channel 1,UNSP,QADCP,VADCP,47700,629,12200,3.9,UNSP,UNSP,UNSP,unkn,UNSP,UNSP,UNSP,,1/27/2003 16:23,7.388352,1350.713582
USGS,12200500,466,5/14/2003 17:30,PDT,Yes,CAC/DAM,USGS,12.09,11500,Good,-0.01,0.2,DebrisLight,MEAS,1,Imported Channel 1,UNSP,QADCP,VADCP,11500,584,4450,2.58,UNSP,UNSP,UNSP,unkn,UNSP,UNSP,UNSP,,5/14/2003 17:30,3.685032,325.6437358
USGS,12200500,467,8/21/2003 9:20,PDT,Yes,DAM/JMP,USGS,10.4,8530,Good,-0.21,0.5,DebrisLight,MEAS,1,Imported Channel 1,UNSP,QADCP,VADCP,8530,506,3940,2.1,UNSP,UNSP,UNSP,unkn,UNSP,UNSP,UNSP,,8/21/2003 9:20,3.16992,241.5427014
USGS,12200500,468,10/22/2003 12:20,PDT,Yes,DAM/KF,USGS,33.92,113000,Fair,-0.17,0.7,DebrisLight,MEAS,1,Imported Channel 1,CWAY,unspe,unkno,113000,723,18700,6.03,UNSP,UNSP,UNSP,unkn,UNSP,UNSP,UNSP,,10/22/2003 12:20,10.338816,3199.803665
USGS,12200500,469,1/12/2004 14:19,PST,Yes,DAM/JTS,USGS,14.3,18000,Good,0.08,0.4,Clear,MEAS,1,Imported Channel 1,UNSP,QADCP,VADCP,18000,642,5840,3.08,UNSP,UNSP,UNSP,unkn,UNSP,UNSP,UNSP,,1/12/2004 14:19,4.35864,509.7032387
USGS,12200500,470,3/10/2004 15:07,PST,Yes,DAM/JMP,USGS,13.76,16500,Fair,-0.03,0.4,DebrisLight,MEAS,1,Imported Channel 1,UNSP,QADCP,VADCP,16500,639,5370,3.08,UNSP,UNSP,UNSP,unkn,UNSP,UNSP,UNSP,,3/10/2004 15:07,4.194048,467.2279688
USGS,12200500,471,5/12/2004 9:07,PDT,Yes,JTS,USGS,12.24,12000,Good,-0.22,1.4,Clear,MEAS,1,Imported Channel 1,CWAY,unspe,unkno,12000,582,4450,2.68,UNSP,UNSP,UNSP,unkn,UNSP,UNSP,UNSP,,5/12/2004 9:07,3.730752,339.8021591
USGS,12200500,472,7/7/2004 9:14,PDT,Yes,JTS,USGS,13.24,14200,Fair,-0.14,1.3,Clear,MEAS,1,Imported Channel 1,CWAY,unspe,unkno,14200,587,5000,2.85,UNSP,UNSP,UNSP,unkn,UNSP,UNSP,UNSP,,7/7/2004 9:14,4.035552,402.0992216
USGS,12200500,473,10/20/2004 9:40,PDT,Yes,DAM,USGS,13.66,15400,Fair,-0.03,1,DebrisLight,MEAS,1,Imported Channel 1,CWAY,unspe,unkno,15400,585,5150,2.99,UNSP,UNSP,UNSP,unkn,UNSP,UNSP,UNSP,,10/20/2004 9:40,4.163568,436.0794375
USGS,12200500,474,12/3/2004 9:45,PST,Yes,DAM,USGS,14.04,15900,Fair,-0.1,1,Clear,MEAS,1,Imported Channel 1,CWAY,unspe,unkno,15900,592,5380,2.96,UNSP,UNSP,UNSP,unkn,UNSP,UNSP,UNSP,,12/3/2004 9:45,4.279392,450.2378608
USGS,12200500,475,3/7/2005 11:53,PST,Yes,JMP,USGS,11.12,8060,Good,-0.01,1.3,Clear,MEAS,1,Imported Channel 1,CWAY,unspe,unkno,8060,582,3400,2.37,UNSP,UNSP,UNSP,unkn,UNSP,UNSP,UNSP,,3/7/2005 11:53,3.389376,228.2337835
USGS,12200500,476,4/18/2005 10:02,PDT,Yes,JTS,USGS,13.22,13400,Good,-0.05,1.4,Clear,MEAS,1,Imported Channel 1,CWAY,unspe,unkno,13400,595,4710,2.85,UNSP,UNSP,UNSP,unkn,UNSP,UNSP,UNSP,,4/18/2005 10:02,4.029456,379.4457443
USGS,12200500,477,6/8/2005 11:33,PDT,Yes,JTS,USGS,11.89,10200,Fair,0.03,1.1,Clear,MEAS,1,Imported Channel 1,CWAY,unspe,unkno,10200,595,4030,2.54,UNSP,UNSP,UNSP,unkn,UNSP,UNSP,UNSP,,6/8/2005 11:33,3.624072,288.8318352
USGS,12200500,478,6/29/2005 11:00,PDT,Yes,JMP/DAM,USGS,11.26,8450,Fair,-0.01,0.9,DebrisModerate,MEAS,1,Imported Channel 1,UNSP,QADCP,VADCP,8450,448,3370,2.51,UNSP,UNSP,UNSP,unkn,UNSP,UNSP,UNSP,,6/29/2005 11:00,3.432048,239.2773537
USGS,12200500,479,8/8/2005 12:49,PDT,Yes,JMP/DAM,USGS,11.5,9150,Fair,0.02,0.5,DebrisLight,MEAS,1,Imported Channel 1,UNSP,QADCP,VADCP,9150,445,3560,2.56,UNSP,UNSP,UNSP,unkn,UNSP,UNSP,UNSP,,8/8/2005 12:49,3.5052,259.0991463
USGS,12200500,480,11/2/2005 11:30,PST,Yes,DAM/JMP,USGS,16.44,19900,Fair,-0.02,0.5,Clear,MEAS,1,Imported Channel 1,UNSP,QADCP,VADCP,19900,525,6080,3.28,UNSP,UNSP,UNSP,unkn,UNSP,UNSP,UNSP,,11/2/2005 11:30,5.010912,563.5052472
USGS,12200500,481,11/14/2005 11:21,PST,Yes,JTS,USGS,16.66,22300,Fair,-0.06,1.6,Clear,MEAS,1,Imported Channel 1,CWAY,unspe,unkno,22300,595,6800,3.28,UNSP,UNSP,UNSP,unkn,UNSP,UNSP,UNSP,,11/14/2005 11:21,5.077968,631.465679
USGS,12200500,482,12/9/2005 12:54,PST,Yes,JTS,USGS,12.45,11400,Good,0.18,1.3,Clear,MEAS,1,Imported Channel 1,CWAY,unspe,unkno,11400,595,4160,2.75,UNSP,UNSP,UNSP,unkn,UNSP,UNSP,UNSP,,12/9/2005 12:54,3.79476,322.8120511
USGS,12200500,483,1/4/2006 9:46,PST,Yes,JTS,USGS,15.31,17500,Fair,0.03,1.4,Clear,MEAS,1,Imported Channel 1,CWAY,unspe,unkno,17500,600,5930,2.95,UNSP,UNSP,UNSP,unkn,UNSP,UNSP,UNSP,,1/4/2006 9:46,4.666488,495.5448154
USGS,12200500,484,1/11/2006 10:12,PST,Yes,JTS/JMP,USGS,25.56,59400,Fair,-0.14,1,DebrisModerate,MEAS,1,Imported Channel 1,CWAY,unspe,unkno,59400,627,12300,4.85,UNSP,UNSP,UNSP,unkn,UNSP,UNSP,UNSP,,1/11/2006 10:12,7.790688,1682.020688
USGS,12200500,485,2/28/2006 10:23,PST,Yes,JTS,USGS,14.14,14500,Fair,-0.1,1.4,DebrisModerate,MEAS,1,Imported Channel 1,CWAY,unspe,unkno,14500,594,5090,2.85,UNSP,UNSP,UNSP,unkn,UNSP,UNSP,UNSP,,2/28/2006 10:23,4.309872,410.5942756
USGS,12200500,486,3/9/2006 10:56,PST,Yes,JTS/JMP,USGS,14.18,14600,Fair,0.12,1.3,DebrisLight,MEAS,1,Imported Channel 1,CRAN,unspe,unkno,14600,682,4530,3.23,UNSP,UNSP,UNSP,unkn,UNSP,UNSP,UNSP,,3/9/2006 10:56,4.322064,413.4259602
USGS,12200500,487,3/16/2006 10:59,PST,Yes,DAM/JMP,USGS,13.06,11600,Poor,-0.08,0.5,DebrisLight,MEAS,1,Imported Channel 1,UNSP,QADCP,VADCP,11600,459,4060,2.76,UNSP,UNSP,UNSP,unkn,UNSP,UNSP,UNSP,,3/16/2006 10:59,3.980688,328.4754205
USGS,12200500,488,5/11/2006 10:02,PDT,Yes,JTS/JMP,USGS,12.61,11200,Fair,0.02,1.2,DebrisLight,MEAS,1,Imported Channel 1,CRAN,unspe,unkno,11200,680,3880,2.89,UNSP,UNSP,UNSP,unkn,UNSP,UNSP,UNSP,,5/11/2006 10:02,3.843528,317.1486818
USGS,12200500,489,5/19/2006 10:14,PDT,Yes,JTS/GMJ,USGS,21.63,39900,Poor,0.17,2.3,DebrisModerate,MEAS,1,Imported Channel 1,CRAN,unspe,unkno,39900,699,9940,4.02,UNSP,UNSP,UNSP,unkn,UNSP,UNSP,UNSP,,5/19/2006 10:14,6.592824,1129.842179
USGS,12200500,490,6/29/2006 12:44,PDT,Yes,DAM/JMP,USGS,16.84,20700,Fair,0,0.4,DebrisLight,MEAS,1,Imported Channel 1,UNSP,QADCP,VADCP,20700,495,6240,3.13,UNSP,UNSP,UNSP,unkn,UNSP,UNSP,UNSP,,6/29/2006 12:44,5.132832,586.1587245
USGS,12200500,491,7/24/2006 9:42,PDT,Yes,JMP/NNT,USGS,13.84,12400,Fair,-0.11,2,DebrisLight,MEAS,1,Imported Channel 1,CRAN,unspe,unkno,12400,685,4270,2.89,UNSP,UNSP,UNSP,unkn,UNSP,UNSP,UNSP,,7/24/2006 9:42,4.218432,351.1288977
USGS,12200500,492,10/6/2006 10:44,PDT,Yes,JTS,USGS,9.91,4480,Fair,0,1.4,DebrisModerate,MEAS,1,Imported Channel 1,CWAY,unspe,unkno,4480,576,2280,1.96,UNSP,UNSP,UNSP,unkn,UNSP,UNSP,UNSP,,10/6/2006 10:44,3.020568,126.8594727
USGS,12200500,493,11/6/2006 11:10,PST,Yes,JTS/GBJ,USGS,24.56,57300,Poor,1.01,1.7,DebrisModerate,MEAS,1,Imported Channel 1,CRAN,unspe,unkno,57300,715,11800,4.86,UNSP,UNSP,UNSP,unkn,UNSP,UNSP,UNSP,,11/6/2006 11:10,7.485888,1622.55531
USGS,12200500,495,1/8/2007 12:15,PST,Yes,JTS,USGS,19.46,28800,Fair,-0.19,1,DebrisLight,MEAS,1,Imported Channel 1,CWAY,unspe,unkno,28800,602,7900,3.64,UNSP,UNSP,UNSP,unkn,UNSP,UNSP,UNSP,,1/8/2007 12:15,5.931408,815.5251818
USGS,12200500,496,3/12/2007 10:32,PDT,Yes,JTS/ETF,USGS,25.36,62400,Fair,0.59,1.8,DebrisHeavy,MEAS,1,Imported Channel 1,CRAN,unspe,unkno,62400,715,12300,5.05,UNSP,UNSP,UNSP,unkn,UNSP,UNSP,UNSP,,3/12/2007 10:32,7.729728,1766.971227
USGS,12200500,497,5/8/2007 10:34,PDT,Yes,JTS/ETF,USGS,15.68,16700,Fair,0.03,1.4,DebrisLight,MEAS,1,Imported Channel 1,CWAY,unspe,unkno,16700,597,5420,3.09,UNSP,UNSP,UNSP,unkn,UNSP,UNSP,UNSP,,5/8/2007 10:34,4.779264,472.8913381
USGS,12200500,498,6/5/2007 11:26,PDT,Yes,JTS/ETF,USGS,22.02,38300,Fair,-0.03,1.6,DebrisLight,MEAS,1,Imported Channel 1,CRAN,unspe,unkno,38300,701,9760,3.93,UNSP,UNSP,UNSP,unkn,UNSP,UNSP,UNSP,,6/5/2007 11:26,6.711696,1084.535224
USGS,12200500,499,7/23/2007 10:07,PDT,Yes,JTS,USGS,18.31,24000,Fair,-0.06,1.5,DebrisLight,MEAS,1,Imported Channel 1,CWAY,unspe,unkno,24000,600,6980,3.44,UNSP,UNSP,UNSP,unkn,UNSP,UNSP,UNSP,,7/23/2007 10:07,5.580888,679.6043182
USGS,12200500,500,9/12/2007 9:28,PDT,Yes,JTS/ETF,USGS,11.2,5480,Fair,0.06,1.7,DebrisLight,MEAS,1,Imported Channel 1,CRAN,unspe,unkno,5480,676,2420,2.26,UNSP,UNSP,UNSP,unkn,UNSP,UNSP,UNSP,,9/12/2007 9:28,3.41376,155.1763193
USGS,12200500,501,10/5/2007 9:47,PDT,Yes,DAM,USGS,14.1,12700,Fair,-0.05,1,DebrisModerate,MEAS,1,Imported Channel 1,CWAY,unspe,unkno,12700,597,4430,2.86,UNSP,UNSP,UNSP,unkn,UNSP,UNSP,UNSP,,10/5/2007 9:47,4.29768,359.6239517
USGS,12200500,502,2/12/2008 15:22,PST,Yes,JMP,USGS,16.12,17500,Fair,0.21,1.4,DebrisLight,MEAS,1,Imported Channel 1,CWAY,unspe,unkno,17500,587,5680,3.08,UNSP,UNSP,UNSP,unkn,UNSP,UNSP,UNSP,,2/12/2008 15:22,4.913376,495.5448154
USGS,12200500,503,5/5/2008 14:16,PDT,Yes,JMP/DAM,USGS,13.83,11000,Poor,0.02,0.3,Clear,MEAS,1,Imported Channel 1,UNSP,QADCP,VADCP,11000,447,3760,2.83,UNSP,UNSP,UNSP,unkn,UNSP,UNSP,UNSP,,5/5/2008 14:16,4.215384,311.4853125
USGS,12200500,504,8/11/2008 9:39,PDT,Yes,DAM/JRF,USGS,14.18,10200,Fair,-0.11,0.5,DebrisLight,MEAS,1,Imported Channel 1,MBOT,QADCP,VADCP,10200,423,3800,2.61,SOFT,SAND,UNEV,unkn,UNEV,UNSP,UPST,3000,8/11/2008 9:39,4.322064,288.8318352
USGS,12200500,505,10/3/2008 13:52,PDT,Yes,ETF/JRF,USGS,11.99,6590,Fair,0.02,1.5,DebrisModerate,MEAS,1,Imported Channel 1,CWAY,QSCMM,VPAA,6590,580,2790,2.36,SOFT,silt,UNEV,unkn,EVEN,UNSP,DNST,500,10/3/2008 13:52,3.654552,186.608019
USGS,12200500,506,11/8/2008 13:30,PST,Yes,DAM/BJC,USGS,24.57,44900,Fair,-0.29,1.1,DebrisModerate,MEAS,1,Imported Channel 1,CWAY,QSCMM,VPAA,44900,615,10600,4.24,SOFT,silt,UNEV,unkn,EVEN,UNSP,DNST,500,11/8/2008 13:30,7.488936,1271.426412
USGS,12200500,507,11/13/2008 9:51,PST,Yes,JMP,USGS,26.92,58100,Fair,-0.17,1.2,DebrisModerate,MEAS,1,Imported Channel 1,CWAY,QSCMM,VPAA,58100,625,12200,4.75,FIRM,silt,EVEN,unkn,EVEN,UNSP,DNST,500,11/13/2008 9:51,8.205216,1645.208787
USGS,12200500,508,1/14/2009 9:56,PST,Yes,BJC,USGS,17.07,18200,Fair,-0.23,1.4,DebrisLight,MEAS,1,Imported Channel 1,CWAY,QSCMM,VPAA,18200,540,5480,3.32,FIRM,silt,UNEV,unkn,EVEN,UNSP,DNST,1000,1/14/2009 9:56,5.202936,515.366608
USGS,12200500,509,3/24/2009 13:52,PDT,Yes,BJC/JRF,USGS,12.76,8530,Fair,0.01,1.2,DebrisModerate,MEAS,1,Imported Channel 1,CWAY,QSCMM,VPAA,8530,590,3130,2.72,SOFT,silt,UNEV,unkn,UNEV,UNSP,DNST,1056,3/24/2009 13:52,3.889248,241.5427014
USGS,12200500,510,5/29/2009 10:22,PDT,Yes,BJC,USGS,18.95,23300,Fair,0.05,1,Clear,MEAS,1,skagit river near mount vernon,CWAY,QSCMM,VPAA,23300,565,6780,3.43,FIRM,silt,UNEV,unkn,EVEN,UNSP,DNST,1056,5/29/2009 10:22,5.77596,659.7825256
USGS,12200500,511,6/18/2009 9:10,PDT,Yes,JRF,USGS,18.91,22000,Fair,-0.11,1,Clear,MEAS,1,Skagit Cableway,CWAY,QSCMM,VPAA,22000,545,6360,3.45,SOFT,silt,UNEV,unkn,EVEN,UNSP,DNST,1056,6/18/2009 9:10,5.763768,622.970625
USGS,12200500,512,7/31/2009 15:04,PDT,Yes,JMP/DAM,USGS,14.47,11000,Fair,-0.09,0.6,DebrisModerate,MEAS,1,Imported Channel 1,MBOT,QADCP,VADCP,11000,679,4150,2.52,UNSP,UNSP,UNSP,unkn,UNSP,UNSP,UNSP,,7/31/2009 15:04,4.410456,311.4853125
USGS,12200500,513,10/1/2009 10:19,PDT,Yes,BJC,USGS,11.6,5390,Poor,0,1.2,DebrisModerate,MEAS,1,main,CWAY,QSCMM,VPAA,5390,530,2320,2.32,FIRM,silt,UNEV,unkn,UNEV,UNSP,DNST,1320,10/1/2009 10:19,3.53568,152.6278031
USGS,12200500,514,11/10/2009 12:15,PST,Yes,BJC,USGS,18.75,22600,Poor,0.02,1.1,Clear,MEAS,1,cable,CWAY,QSCMM,VPAA,22600,,6300,3.58,FIRM,silt,UNEV,unkn,EVEN,UNSP,DNST,1260,11/10/2009 12:15,5.715,639.960733
USGS,12200500,515,1/13/2010 13:53,PST,Yes,BJC/ARS,USGS,20.6,27600,Fair,-0.09,1.1,DebrisLight,MEAS,1,Imported Channel 1,CWAY,QSCMM,VPAA,27600,580,7780,3.54,SOFT,silt,UNEV,unkn,EVEN,UNSP,DNST,1000,1/13/2010 13:53,6.27888,781.5449659
USGS,12200500,516,3/29/2010 14:22,PDT,Yes,WDW,USGS,14.59,11800,Poor,-0.09,1.1,Unspecifed,MEAS,1,Channel 1,CWAY,QSCMM,VPAA,11800,538,4050,2.9,FIRM,silt,EVEN,unkn,EVEN,UNSP,DNST,1000,3/29/2010 14:22,4.447032,334.1387898
USGS,12200500,517,6/8/2010 13:34,PDT,Yes,DAM/PJW,USGS,18.78,23800,Fair,0.04,0.4,DebrisModerate,MEAS,1,Skagit,BRUS,QADCP,VADCP,22800,680,7090,3.22,FIRM,silt,UNEV,unkn,UNEV,UNSP,UPST,100,6/8/2010 13:34,5.724144,673.9409489
USGS,12200500,518,7/29/2010 16:29,PDT,Yes,JMP/DAM,USGS,16.44,16400,Fair,-0.05,0.5,DebrisLight,MEAS,1,Imported Channel 1,MBOT,QADCP,VADCP,16400,591,5140,3.06,FIRM,SAND,EVEN,unkn,EVEN,UNSP,DNST,200,7/29/2010 16:29,5.010912,464.3962841
USGS,12200500,519,10/1/2010 12:48,PDT,Yes,JMP/PJW,USGS,15.08,12400,Fair,-0.02,0.5,DebrisLight,MEAS,1,Imported Channel 1,MBOT,QADCP,VADCP,12400,606,4400,2.71,SOFT,silt,UNEV,unkn,UNEV,UNFM,DNST,50,10/1/2010 12:48,4.596384,351.1288977
USGS,12200500,520,11/3/2010 12:28,PDT,Yes,JMP/PJW,USGS,18.42,21000,Fair,-0.05,0.3,DebrisLight,MEAS,1,Imported Channel 1,BRDS,QADCP,VADCP,21000,629,6640,3.06,SOFT,silt,UNEV,unkn,EVEN,UNSP,UPST,10,11/3/2010 12:28,5.614416,594.6537784
USGS,12200500,521,12/14/2010 9:11,PST,Yes,DAM/JMP,USGS,27.22,60100,Fair,-0.1,0.9,DebrisModerate,MEAS,1,Imported Channel 1,BRDS,QADCP,VADCP,60100,702,13100,4.01,SOFT,silt,UNEV,unkn,UNEV,UNKN,UPST,100,12/14/2010 9:11,8.296656,1701.84248
USGS,12200500,522,1/18/2011 10:20,PST,Yes,JMP/WDW,USGS,29.3,69600,Fair,-0.09,0.3,DebrisModerate,MEAS,1,Imported Channel 1,BRDS,QADCP,VADCP,69600,732,14600,4.15,SOFT,silt,UNEV,unkn,UNEV,UNKN,ATGA,,1/18/2011 10:20,8.93064,1970.852523
USGS,12200500,523,4/1/2011 9:08,PDT,Yes,DAM/JMP,USGS,22.98,36600,Fair,-0.07,0.4,DebrisLight,MEAS,1,Skagit River at Main Street bridge.,BRDS,QADCP,VADCP,36600,670,9900,3.7,SOFT,silt,UNEV,unkn,UNEV,UNKN,ATGA,,4/1/2011 9:08,7.004304,1036.396585
USGS,12200500,524,6/20/2011 10:34,PDT,Yes,DAM/JMP,USGS,19.4,26100,Good,-0.02,0.4,DebrisLight,MEAS,1,Imported Channel 1,BRDS,QADCP,VADCP,26100,671,7660,3.41,SOFT,SAND,UNEV,unkn,UNEV,UNKN,ATGA,,6/20/2011 10:34,5.91312,739.0696961
USGS,12200500,525,7/8/2011 13:34,PDT,Yes,WDW/JMP,USGS,21.61,32800,Good,0.05,0.4,DebrisLight,MEAS,1,Imported Channel 1,BRDS,QADCP,VADCP,32800,677,9140,3.59,SOFT,SAND,EVEN,unkn,EVEN,UNSP,UPST,50,7/8/2011 13:34,6.586728,928.7925682
USGS,12200500,526,8/10/2011 15:40,PDT,Yes,JMP/DAM,USGS,17.6,20400,Fair,0,0.4,Clear,MEAS,1,Imported Channel 1,BRDS,QADCP,VADCP,20400,657,5950,3.43,SOFT,SAND,EVEN,unkn,UNSP,UNSP,DNST,50,8/10/2011 15:40,5.36448,577.6636705
USGS,12200500,527,9/14/2011 13:11,PDT,Yes,JMP/WDW,USGS,14.32,11900,Good,-0.03,0.5,DebrisLight,MEAS,1,Imported Channel 1,BRDS,QADCP,VADCP,11900,687,4190,2.84,FIRM,SAND,EVEN,unkn,EVEN,UNKN,ATGA,,9/14/2011 13:11,4.364736,336.9704744
USGS,12200500,528,10/5/2011 13:26,PDT,Yes,DAM/JMP,USGS,13.08,8540,Poor,-0.05,0.3,DebrisModerate,MEAS,1,Imported Channel 1,MBOT,QADCP,VADCP,8540,584,2960,2.89,SOFT,SAND,UNEV,unkn,UNEV,UNKN,DNST,50,10/5/2011 13:26,3.986784,241.8258699
USGS,12200500,529,12/1/2011 16:02,PST,Yes,DAM/WDW,USGS,17.3,20600,Good,0,0.3,DebrisLight,MEAS,1,Imported Channel 1,BRDS,QADCP,VADCP,20600,687,6380,3.23,SOFT,silt,UNEV,unkn,UNEV,UNKN,ATGA,,12/1/2011 16:02,5.27304,583.3270398
USGS,12200500,530,2/15/2012 10:43,PST,Yes,WDW/CGB,USGS,15.54,14800,Fair,0.13,0.3,Clear,MEAS,1,Imported Channel 1,BRDS,QADCP,VADCP,14800,691,5050,2.93,UNSP,SAND,EVEN,unkn,UNEV,UNSP,UPST,100,2/15/2012 10:43,4.736592,419.0893296
USGS,12200500,531,2/23/2012 11:21,PST,Yes,JMP/DAM,USGS,19.22,26400,Good,0.13,0.3,DebrisLight,MEAS,1,Imported Channel 1,BRDS,QADCP,VADCP,26400,679,7470,3.53,SOFT,SAND,EVEN,unkn,EVEN,UNSP,DNST,100,2/23/2012 11:21,5.858256,747.56475
USGS,12200500,532,4/11/2012 13:26,PDT,Yes,DAM/JMP,USGS,14.22,12100,Good,0,0.3,DebrisModerate,MEAS,1,Imported Channel 1,BRDS,QADCP,VADCP,12100,660,4370,2.77,SOFT,SAND,EVEN,unkn,EVEN,UNKN,DNST,50,4/11/2012 13:26,4.334256,342.6338438
USGS,12200500,533,6/12/2012 14:31,PDT,Yes,DAM/JMP,USGS,17.72,23100,Good,-0.07,0.2,DebrisLight,MEAS,1,Imported Channel 1,BRDS,QADCP,VADCP,23100,665,6630,3.48,SOFT,SAND,UNEV,unkn,EVEN,UNKN,UPST,100,6/12/2012 14:31,5.401056,654.1191563
USGS,12200500,534,6/19/2012 11:05,PDT,Yes,WDW/CGB,USGS,24.78,46000,Good,0.05,0.2,Clear,MEAS,1,main,BRDS,QADCP,VADCP,46000,722,11600,4,SOFT,SAND,EVEN,unkn,EVEN,UNSP,UPST,50,6/19/2012 11:05,7.552944,1302.574943
USGS,12200500,535,6/19/2012 12:05,PDT,Yes,WDW/CGB,USGS,24.55,45600,Good,0.08,0.2,Clear,MEAS,1,main,BRDS,QADCP,VADCP,45600,728,11400,3.99,SOFT,SAND,EVEN,unkn,EVEN,UNKN,UPST,50,6/19/2012 12:05,7.48284,1291.248205
USGS,12200500,536,8/13/2012 13:43,PDT,Yes,DAM/JMP,USGS,16.09,18600,Poor,0,0.1,DebrisLight,MEAS,1,Imported Channel 1,BRDS,QADCP,VADCP,18600,643,5080,3.66,SOFT,silt,UNEV,unkn,UNEV,UNKN,ATGA,,8/13/2012 13:43,4.904232,526.6933466
USGS,12200500,537,10/1/2012 16:51,PDT,Yes,DAM/JMP,USGS,11.5,6320,Good,-0.01,0.2,DebrisLight,MEAS,1,Imported Channel 1,BRDS,QADCP,VADCP,6320,563,2190,2.88,SOFT,SAND,EVEN,unkn,EVEN,UNKN,ATGA,,10/1/2012 16:51,3.5052,178.9624705
USGS,12200500,538,11/1/2012 13:40,PDT,Yes,DAM/JMP,USGS,22.9,37000,Poor,-0.04,0.3,DebrisLight,MEAS,1,Imported Channel 1,BRDS,QADCP,VADCP,37000,704,10300,3.61,SOFT,SAND,UNEV,unkn,UNEV,UNKN,ATGA,,11/1/2012 13:40,6.97992,1047.723324
USGS,12200500,539,12/3/2012 15:07,PST,Yes,JMP/CGB,USGS,19.55,26700,Fair,0,0.3,DebrisLight,MEAS,1,Imported Channel 1,BRDS,QADCP,VADCP,26700,681,7740,3.45,SOFT,SAND,EVEN,unkn,EVEN,UNKN,UPST,50,12/3/2012 15:07,5.95884,756.059804
USGS,12200500,540,1/31/2013 13:19,PST,Yes,CGB/JJM,USGS,15.12,14800,Fair,0.01,0.3,Clear,MEAS,1,Imported Channel 1,BRDS,QADCP,VADCP,14800,679,4910,3.01,SOFT,silt,UNEV,unkn,UNEV,UNKN,ATGA,,1/31/2013 13:19,4.608576,419.0893296
USGS,12200500,541,4/8/2013 13:56,PDT,Yes,DAM/JMP,USGS,20.32,30400,Good,0.07,0.3,DebrisLight,MEAS,1,Imported Channel 1,BRDS,QADCP,VADCP,30400,669,8610,3.53,SOFT,silt,UNEV,unkn,UNEV,UNKN,ATGA,,4/8/2013 13:56,6.193536,860.8321364
USGS,12200500,542,5/28/2013 12:32,PDT,Yes,JMP/DAM,USGS,17.43,20100,Fair,0,0.3,DebrisHeavy,MEAS,1,Imported Channel 1,BRDS,QADCP,VADCP,20100,562,6220,3.23,SOFT,SAND,EVEN,unkn,EVEN,STND,DNST,200,5/28/2013 12:32,5.312664,569.1686165
USGS,12200500,543,8/7/2013 11:20,PDT,Yes,DAM/JMP,USGS,13.63,10500,Good,0.07,0.2,DebrisHeavy,MEAS,1,Imported Channel 1,MBOT,QADCP,VADCP,10500,524,3430,3.07,SOFT,SAND,EVEN,unkn,EVEN,UNKN,DNST,100,8/7/2013 11:20,4.154424,297.3268892
USGS,12200500,546,9/11/2013 11:15,PDT,Yes,CGB/JJM,USGS,13.92,12700,Good,,,DebrisLight,MEAS,1,Channel 1,MBOT,QADCP,VADCP,12700,584,4090,3.1,SOFT,SAND,EVEN,unkn,EVEN,UNFM,ATGA,,9/11/2013 11:15,4.242816,359.6239517
USGS,12200500,545,9/11/2013 12:01,PDT,Yes,CGB/JJM,USGS,13.92,12200,Fair,,,DebrisLight,MEAS,1,Channel 1,UNSP,QADCP,VADCP,12200,594,3990,3.05,SOFT,SAND,EVEN,unkn,EVEN,UNFM,ATGA,,9/11/2013 12:01,4.242816,345.4655284
USGS,12200500,544,9/11/2013 12:08,PDT,Yes,CGB/JJM,USGS,13.92,12500,Fair,0.01,1.3,DebrisLight,MEAS,1,main,BRDS,QSCMM,VPAA,12500,680,4220,2.96,SOFT,SAND,EVEN,unkn,EVEN,UNFM,UPST,30,9/11/2013 12:08,4.242816,353.9605824
USGS,12200500,547,11/4/2013 15:27,PST,Yes,CGB/JMP,USGS,13.02,11000,Good,0.1,0.7,Clear,MEAS,1,Main,BRDS,QADCP,VADCP,11000,665,4080,2.69,SOFT,SAND,EVEN,unkn,EVEN,UNSP,UPST,30,11/4/2013 15:27,3.968496,311.4853125
USGS,12200500,548,1/15/2014 10:05,PST,Yes,JMP/JBG,USGS,19.4,27300,Good,0.05,0.3,DebrisLight,MEAS,1,Skagit at Mount Vernon,BRDS,QADCP,VADCP,27300,672,7970,3.42,SOFT,SAND,EVEN,unkn,EVEN,UNFM,ATGA,,1/15/2014 10:05,5.91312,773.049912
USGS,12200500,549,3/10/2014 10:55,PDT,Yes,CGB/WDW,USGS,24.76,47200,Fair,0.02,0.3,Clear,MEAS,1,Main,BRDS,QADCP,VADCP,47200,692,12000,3.92,SOFT,silt,EVEN,unkn,EVEN,UNSP,ATGA,,3/10/2014 10:55,7.546848,1336.555159
USGS,12200500,550,4/21/2014 12:51,PDT,Yes,JJM/WDW,USGS,17.5,22200,Fair,,,Clear,MEAS,1,main,BRDS,QADCP,VADCP,22200,678,6700,3.31,FIRM,SAND,EVEN,unkn,EVEN,UNSP,DNST,50,4/21/2014 12:51,5.334,628.6339943
USGS,12200500,551,6/17/2014 10:40,PDT,Yes,DAM/JMP,USGS,17.7,22900,Good,0.12,,DebrisLight,MEAS,1,Skagit,BRDS,QADCP,VADCP,22900,684,6960,3.29,FIRM,SAND,EVEN,unkn,EVEN,UNFM,ATGA,,6/17/2014 10:40,5.39496,648.455787
USGS,12200500,552,7/31/2014 12:27,PDT,Yes,JBG/KAW,USGS,14.01,13000,Good,-0.05,0.4,Clear,MEAS,1,main,BRDS,QADCP,VADCP,13000,669,4280,3.04,FIRM,SAND,EVEN,unkn,EVEN,STND,UPST,40,7/31/2014 12:27,4.270248,368.1190057
USGS,12200500,553,10/20/2014 19:00,PDT,Yes,WDW/JMP,USGS,13.91,12700,Good,0.02,0.4,DebrisLight,MEAS,1,SKAGIT,BRDS,QADCP,VADCP,12700,631,4420,2.86,SOFT,SAND,EVEN,unkn,UNSP,UNSP,DNST,50,10/20/2014 19:00,4.239768,359.6239517
USGS,12200500,554,11/29/2014 12:45,PST,Yes,CAC/KLP,USGS,31.4,81700,Poor,0.03,0.3,DebrisLight,MEAS,1,Skagit,BRDS,QADCP,VADCP,81700,742,16600,4.94,FIRM,SAND,EVEN,unkn,EVEN,UNFM,UNSP,,11/29/2014 12:45,9.57072,2313.486367
USGS,12200500,555,3/31/2015 13:23,PDT,Yes,CGB/JBG,USGS,16.19,17900,Good,0.02,0.3,Clear,MEAS,1,main,BRDS,QADCP,VADCP,17900,657,5820,3.09,SOFT,SAND,EVEN,unkn,EVEN,UNSP,UPST,30,3/31/2015 13:23,4.934712,506.871554
USGS,12200500,556,6/8/2015 16:38,PDT,Yes,JMP,USGS,13.65,12200,Fair,0.04,0.3,,MEAS,1,Skagit,BRDS,QADCP,VADCP,12200,681,4460,2.74,SOFT,SAND,EVEN,unkn,UNSP,UNFM,UNSP,,6/8/2015 16:38,4.16052,345.4655284
USGS,12200500,557,6/29/2015 15:46,PDT,Yes,JMP/DAM,USGS,12.19,9430,Fair,0.02,0.3,DebrisLight,MEAS,1,Skagit,BRDS,QADCP,VADCP,9430,637,3560,2.65,SOFT,silt,EVEN,unkn,EVEN,UNKN,ATGA,,6/29/2015 15:46,3.715512,267.0278634
USGS,12200500,558,8/12/2015 12:31,PDT,Yes,JMP/GWH,USGS,10.45,6020,Good,0.05,0.3,DebrisLight,MEAS,1,Skagit at Mount Vernon,BRDS,QADCP,VADCP,6020,533,2640,2.28,SOFT,silt,EVEN,unkn,EVEN,UNKN,UPST,100,8/12/2015 12:31,3.18516,170.4674165
USGS,12200500,559,10/21/2015 10:35,PDT,Yes,GWH/JMP,USGS,12.52,10100,Fair,0.01,0.3,Clear,MEAS,1,12200500,BRDS,QADCP,VADCP,10100,635,3700,2.74,FIRM,silt,EVEN,unkn,EVEN,STND,ATGA,,10/21/2015 10:35,3.816096,286.0001506
USGS,12200500,560,11/14/2015 9:53,PST,Yes,WDW/JSM,USGS,28.7,67300,Fair,0.04,0.2,DebrisModerate,MEAS,1,main,BRDS,QADCP,VADCP,67300,708,14600,4.6,FIRM,silt,EVEN,unkn,UNSP,UNKN,ATGA,,11/14/2015 9:53,8.74776,1905.723776
USGS,12200500,561,11/18/2015 12:42,PST,Yes,GWH/JMP,USGS,30.46,76400,Good,0.15,0.3,Clear,MEAS,1,"Skagit at Mount Vernon, WA",BRDS,QADCP,VADCP,76400,702,15700,4.87,FIRM,SAND,EVEN,unkn,EVEN,UNKN,ATGA,,11/18/2015 12:42,9.284208,2163.40708
USGS,12200500,562,12/10/2015 10:16,PST,Yes,JMP/JJM,USGS,28,64700,Fair,0.05,0.3,DebrisLight,MEAS,1,"Skagit at Mount Vernon, WA",BRDS,QADCP,VADCP,64700,810,14700,4.41,SOFT,silt,EVEN,unkn,EVEN,UNKN,ATGA,,12/10/2015 10:16,8.5344,1832.099975
USGS,12200500,563,1/29/2016 10:09,PST,Yes,GWH,USGS,26.94,59800,Good,-0.2,0,Clear,MEAS,1,skagit at mt vernon,BRDS,QADCP,VADCP,59800,707,13300,4.5,FIRM,BLDR,EVEN,unkn,EVEN,STND,UPST,20,1/29/2016 10:09,8.211312,1693.347426
USGS,12200500,564,3/29/2016 10:12,PDT,Yes,GWH/JJM,USGS,15.33,17000,Fair,0.02,0.2,Clear,MEAS,1,main,BRDS,QADCP,VADCP,17000,671,5470,3.11,FIRM,SAND,EVEN,unkn,EVEN,STND,DNST,40,3/29/2016 10:12,4.672584,481.3863921
USGS,12200500,565,5/19/2016 15:04,PDT,Yes,JMP/DAM,USGS,15.22,16200,Good,0.03,0.3,Clear,MEAS,1,Skagit River,MBOT,QADCP,VADCP,16200,586,4830,3.35,SOFT,SAND,EVEN,unkn,EVEN,UNFM,DNST,100,5/19/2016 15:04,4.639056,458.7329148
USGS,12200500,566,7/8/2016 11:32,PDT,Yes,GWH/KAR,USGS,14.1,14700,Fair,0.07,0.3,Clear,MEAS,1,main,BRDS,QADCP,VADCP,14700,721,5240,2.8,FIRM,SAND,EVEN,unkn,EVEN,UNKN,ATGA,,7/8/2016 11:32,4.29768,416.2576449
USGS,12200500,567,9/7/2016 9:55,PDT,Yes,JBG/DAM,USGS,11.24,7950,Good,0,0.3,Clear,MEAS,1,MAIN,MBOT,QADCP,VADCP,7950,577,3050,2.61,FIRM,SAND,EVEN,unkn,EVEN,STND,DNST,150,9/7/2016 9:55,3.425952,225.1189304
USGS,12200500,568,10/24/2016 15:20,PDT,Yes,GWH,USGS,17.28,22500,Good,0.04,0.3,Clear,MEAS,1,main,BRDS,QADCP,VADCP,22500,672,6680,3.37,FIRM,SAND,EVEN,unkn,EVEN,STND,UPST,40,10/24/2016 15:20,5.266944,637.1290483
USGS,12200500,569,12/8/2016 11:12,PST,Yes,GWH/WDW,USGS,15.13,16400,Good,0,0.3,Clear,MEAS,1,main,BRDS,QADCP,VADCP,16400,665,4970,3.3,FIRM,SAND,EVEN,unkn,EVEN,STND,UPST,50,12/8/2016 11:12,4.611624,464.3962841
USGS,12200500,570,2/1/2017 10:59,PST,Yes,GWH/JBG,USGS,12.11,9490,Good,0,0.3,Clear,MEAS,1,main,MBOT,QADCP,VADCP,9490,564,3440,2.75,FIRM,SAND,EVEN,unkn,EVEN,STND,DNST,500,2/1/2017 10:59,3.691128,268.7268742
USGS,12200500,571,3/28/2017 12:40,PDT,Yes,GWH/JJM,USGS,16.48,18300,Fair,0.02,0.25,Clear,MEAS,1,skagit,BRDS,QADCP,VADCP,18300,670,5770,3.17,FIRM,SAND,EVEN,unkn,EVEN,STND,ATGA,0,3/28/2017 12:40,5.023104,518.1982926
USGS,12200500,572,5/25/2017 14:07,PDT,Yes,GWH/WDW,USGS,18.88,26200,Good,-0.05,0.25,Clear,MEAS,1,main,BRDS,QADCP,VADCP,26200,683,7510,3.49,FIRM,SAND,EVEN,STDY,EVEN,STND,UPST,100,5/25/2017 14:07,5.754624,741.9013807
USGS,12200500,573,7/25/2017 9:57,PDT,Yes,GWH/JBG,USGS,13.11,11300,Good,0,0.25,Clear,MEAS,1,main,BRDS,QADCP,VADCP,11300,667,3850,2.92,FIRM,SAND,EVEN,STDY,EVEN,STND,UPST,40,7/25/2017 9:57,3.995928,319.9803665
USGS,12200500,574,10/3/2017 10:16,PDT,Yes,GWH/WDW,USGS,10.94,6980,Good,0.01,0.25,Clear,MEAS,1,main,BRDS,QADCP,VADCP,6980,556,2730,2.56,FIRM,SAND,EVEN,PULS,EVEN,STND,ATGA,0,10/3/2017 10:16,3.334512,197.6515892
USGS,12200500,575,11/24/2017 8:58,PST,Yes,jbg/jjm,USGS,32.99,95600,Good,-0.02,0.27,Clear,MEAS,1,main,BRDS,QADCP,VADCP,95600,767,18700,5.1,FIRM,SAND,EVEN,STDY,EVEN,STND,UPST,50,11/24/2017 8:58,10.055352,2707.090534
USGS,12200500,576,12/6/2017 10:13,PST,Yes,GWH/WDW,USGS,15.45,17700,Good,0,0.25,Clear,MEAS,1,main,BRDS,QADCP,VADCP,17700,669,5180,3.42,FIRM,silt,EVEN,STDY,EVEN,STND,UPST,50,12/6/2017 10:13,4.70916,501.2081847
USGS,12200500,577,12/6/2017 11:13,PST,Yes,GWH/WDW,USGS,15.44,17800,Good,-0.02,0.23,Clear,MEAS,1,check,BRDS,QADCP,VADCP,17800,667,5160,3.46,FIRM,silt,EVEN,STDY,EVEN,STND,UPST,50,12/6/2017 11:13,4.706112,504.0398693
